node1,node2,Layer
OMA01946,OMA00409,Metabolic
OMA01946,OMA02025,Metabolic
OMA01946,OMA02205,Metabolic
OMA01946,OMA03787,Metabolic
OMA03001,OMA01946,Regulatory
OMA05145,OMA01946,Regulatory
OMA05327,OMA01946,Regulatory
OMA03722,OMA01946,PPI
OMA01946,OMA01946,PPI
OMA03307,OMA03000,Metabolic
OMA03328,OMA03000,Metabolic
OMA02591,OMA03000,Regulatory
OMA03616,OMA03000,Regulatory
OMA03000,OMA03000,PPI
OMA02591,OMA00705,Regulatory
OMA03616,OMA00705,Regulatory
OMA00705,OMA00705,PPI
OMA00504,OMA00721,Metabolic
OMA00719,OMA00504,Metabolic
OMA02591,OMA00504,Regulatory
OMA02591,OMA00705,Regulatory
OMA02591,OMA00721,Regulatory
OMA02591,OMA03000,Regulatory
OMA02591,OMA03266,Regulatory
OMA02591,OMA00129,Regulatory
OMA02591,OMA00504,Regulatory
OMA02591,OMA00513,Regulatory
OMA02591,OMA00618,Regulatory
OMA02591,OMA00760,Regulatory
OMA02591,OMA00844,Regulatory
OMA02591,OMA00879,Regulatory
OMA02591,OMA01084,Regulatory
OMA02591,OMA01136,Regulatory
OMA02591,OMA01385,Regulatory
OMA02591,OMA01493,Regulatory
OMA02591,OMA01608,Regulatory
OMA02591,OMA01710,Regulatory
OMA02591,OMA01772,Regulatory
OMA02591,OMA01784,Regulatory
OMA02591,OMA01869,Regulatory
OMA02591,OMA02062,Regulatory
OMA02591,OMA02348,Regulatory
OMA02591,OMA02356,Regulatory
OMA02591,OMA02522,Regulatory
OMA02591,OMA02534,Regulatory
OMA02591,OMA02591,Regulatory
OMA02591,OMA02631,Regulatory
OMA02591,OMA02707,Regulatory
OMA02591,OMA02928,Regulatory
OMA02591,OMA03075,Regulatory
OMA02591,OMA03291,Regulatory
OMA02591,OMA03521,Regulatory
OMA02591,OMA03558,Regulatory
OMA02591,OMA03761,Regulatory
OMA02591,OMA03838,Regulatory
OMA02591,OMA04133,Regulatory
OMA02591,OMA04283,Regulatory
OMA02591,OMA04474,Regulatory
OMA02591,OMA04616,Regulatory
OMA02591,OMA04960,Regulatory
OMA02591,OMA05171,Regulatory
OMA02591,OMA05217,Regulatory
OMA02591,OMA05353,Regulatory
OMA02591,OMA05762,Regulatory
OMA02443,OMA02591,PPI
OMA02591,OMA02591,PPI
OMA02591,OMA02591,PPI
OMA03022,OMA00117,Regulatory
OMA03022,OMA00317,Regulatory
OMA03022,OMA00415,Regulatory
OMA03022,OMA00479,Regulatory
OMA03022,OMA00769,Regulatory
OMA03022,OMA00781,Regulatory
OMA03022,OMA01044,Regulatory
OMA03022,OMA01153,Regulatory
OMA03022,OMA01264,Regulatory
OMA03022,OMA01309,Regulatory
OMA03022,OMA01598,Regulatory
OMA03022,OMA01729,Regulatory
OMA03022,OMA01776,Regulatory
OMA03022,OMA02261,Regulatory
OMA03022,OMA02287,Regulatory
OMA03022,OMA02336,Regulatory
OMA03022,OMA02391,Regulatory
OMA03022,OMA02698,Regulatory
OMA03022,OMA03661,Regulatory
OMA03022,OMA04971,Regulatory
OMA03022,OMA05094,Regulatory
OMA01319,OMA03022,Regulatory
OMA02001,OMA03022,Regulatory
OMA00415,OMA00117,Metabolic
OMA00897,OMA00117,Metabolic
OMA02001,OMA00117,Regulatory
OMA02723,OMA00117,Regulatory
OMA03022,OMA00117,Regulatory
OMA03616,OMA00117,Regulatory
OMA00021,OMA00117,PPI
OMA00034,OMA00117,PPI
OMA00039,OMA00117,PPI
OMA00061,OMA00117,PPI
OMA00117,OMA00017,PPI
OMA00117,OMA00117,PPI
OMA00117,OMA00965,PPI
OMA00117,OMA02052,PPI
OMA00117,OMA02323,PPI
OMA00117,OMA03614,PPI
OMA00117,OMA03760,PPI
OMA00117,OMA04277,PPI
OMA00117,OMA04364,PPI
OMA00117,OMA05048,PPI
OMA00157,OMA00117,PPI
OMA00254,OMA00117,PPI
OMA00255,OMA00117,PPI
OMA00345,OMA00117,PPI
OMA00365,OMA00117,PPI
OMA00380,OMA00117,PPI
OMA00389,OMA00117,PPI
OMA00409,OMA00117,PPI
OMA00410,OMA00117,PPI
OMA00421,OMA00117,PPI
OMA00433,OMA00117,PPI
OMA00436,OMA00117,PPI
OMA00505,OMA00117,PPI
OMA00514,OMA00117,PPI
OMA00515,OMA00117,PPI
OMA00530,OMA00117,PPI
OMA00616,OMA00117,PPI
OMA00765,OMA00117,PPI
OMA00894,OMA00117,PPI
OMA00964,OMA00117,PPI
OMA01133,OMA00117,PPI
OMA01240,OMA00117,PPI
OMA01264,OMA00117,PPI
OMA01315,OMA00117,PPI
OMA01472,OMA00117,PPI
OMA01551,OMA00117,PPI
OMA01555,OMA00117,PPI
OMA01637,OMA00117,PPI
OMA01746,OMA00117,PPI
OMA01747,OMA00117,PPI
OMA01880,OMA00117,PPI
OMA01987,OMA00117,PPI
OMA01990,OMA00117,PPI
OMA02009,OMA00117,PPI
OMA02060,OMA00117,PPI
OMA02101,OMA00117,PPI
OMA02257,OMA00117,PPI
OMA02581,OMA00117,PPI
OMA02647,OMA00117,PPI
OMA02670,OMA00117,PPI
OMA02692,OMA00117,PPI
OMA02701,OMA00117,PPI
OMA02756,OMA00117,PPI
OMA02814,OMA00117,PPI
OMA02909,OMA00117,PPI
OMA03116,OMA00117,PPI
OMA03659,OMA00117,PPI
OMA03669,OMA00117,PPI
OMA04165,OMA00117,PPI
OMA04352,OMA00117,PPI
OMA04397,OMA00117,PPI
OMA04456,OMA00117,PPI
OMA04704,OMA00117,PPI
OMA04770,OMA00117,PPI
OMA04839,OMA00117,PPI
OMA05099,OMA00117,PPI
OMA05616,OMA00117,PPI
OMA05716,OMA00117,PPI
OMA05761,OMA00117,PPI
OMA00117,OMA00117,PPI
OMA00415,OMA00117,Metabolic
OMA00897,OMA00415,Metabolic
OMA02001,OMA00415,Regulatory
OMA02723,OMA00415,Regulatory
OMA03022,OMA00415,Regulatory
OMA03616,OMA00415,Regulatory
OMA00021,OMA00415,PPI
OMA00034,OMA00415,PPI
OMA00097,OMA00415,PPI
OMA00137,OMA00415,PPI
OMA00138,OMA00415,PPI
OMA00172,OMA00415,PPI
OMA00182,OMA00415,PPI
OMA00231,OMA00415,PPI
OMA00255,OMA00415,PPI
OMA00281,OMA00415,PPI
OMA00303,OMA00415,PPI
OMA00333,OMA00415,PPI
OMA00365,OMA00415,PPI
OMA00410,OMA00415,PPI
OMA00415,OMA00304,PPI
OMA00415,OMA00686,PPI
OMA00415,OMA00897,PPI
OMA00415,OMA02097,PPI
OMA00415,OMA02656,PPI
OMA00415,OMA03541,PPI
OMA00421,OMA00415,PPI
OMA00505,OMA00415,PPI
OMA00514,OMA00415,PPI
OMA00573,OMA00415,PPI
OMA00701,OMA00415,PPI
OMA00819,OMA00415,PPI
OMA01133,OMA00415,PPI
OMA01472,OMA00415,PPI
OMA01551,OMA00415,PPI
OMA01746,OMA00415,PPI
OMA01750,OMA00415,PPI
OMA01880,OMA00415,PPI
OMA01990,OMA00415,PPI
OMA02087,OMA00415,PPI
OMA02101,OMA00415,PPI
OMA02571,OMA00415,PPI
OMA02589,OMA00415,PPI
OMA02692,OMA00415,PPI
OMA02756,OMA00415,PPI
OMA02814,OMA00415,PPI
OMA03046,OMA00415,PPI
OMA03304,OMA00415,PPI
OMA03447,OMA00415,PPI
OMA03654,OMA00415,PPI
OMA03659,OMA00415,PPI
OMA04165,OMA00415,PPI
OMA04277,OMA00415,PPI
OMA04352,OMA00415,PPI
OMA04677,OMA00415,PPI
OMA04770,OMA00415,PPI
OMA04839,OMA00415,PPI
OMA04988,OMA00415,PPI
OMA04992,OMA00415,PPI
OMA05526,OMA00415,PPI
OMA05616,OMA00415,PPI
OMA05716,OMA00415,PPI
OMA05869,OMA00415,PPI
OMA00415,OMA00415,PPI
OMA00415,OMA00897,PPI
OMA00090,OMA00897,Metabolic
OMA00897,OMA00075,Metabolic
OMA00897,OMA00117,Metabolic
OMA00897,OMA00415,Metabolic
OMA00897,OMA01675,Metabolic
OMA00897,OMA04840,Metabolic
OMA01268,OMA00897,Metabolic
OMA01446,OMA00897,Metabolic
OMA00021,OMA00897,PPI
OMA00034,OMA00897,PPI
OMA00039,OMA00897,PPI
OMA00090,OMA00897,PPI
OMA00097,OMA00897,PPI
OMA00126,OMA00897,PPI
OMA00137,OMA00897,PPI
OMA00138,OMA00897,PPI
OMA00157,OMA00897,PPI
OMA00172,OMA00897,PPI
OMA00178,OMA00897,PPI
OMA00182,OMA00897,PPI
OMA00231,OMA00897,PPI
OMA00254,OMA00897,PPI
OMA00281,OMA00897,PPI
OMA00303,OMA00897,PPI
OMA00333,OMA00897,PPI
OMA00365,OMA00897,PPI
OMA00410,OMA00897,PPI
OMA00415,OMA00897,PPI
OMA00433,OMA00897,PPI
OMA00436,OMA00897,PPI
OMA00514,OMA00897,PPI
OMA00530,OMA00897,PPI
OMA00615,OMA00897,PPI
OMA00649,OMA00897,PPI
OMA00701,OMA00897,PPI
OMA00897,OMA00255,PPI
OMA00897,OMA00897,PPI
OMA00897,OMA01844,PPI
OMA00897,OMA02744,PPI
OMA00897,OMA04413,PPI
OMA00921,OMA00897,PPI
OMA00964,OMA00897,PPI
OMA01170,OMA00897,PPI
OMA01176,OMA00897,PPI
OMA01446,OMA00897,PPI
OMA01472,OMA00897,PPI
OMA01746,OMA00897,PPI
OMA01750,OMA00897,PPI
OMA01880,OMA00897,PPI
OMA01990,OMA00897,PPI
OMA02060,OMA00897,PPI
OMA02087,OMA00897,PPI
OMA02257,OMA00897,PPI
OMA02589,OMA00897,PPI
OMA02595,OMA00897,PPI
OMA02670,OMA00897,PPI
OMA02692,OMA00897,PPI
OMA02756,OMA00897,PPI
OMA02814,OMA00897,PPI
OMA02874,OMA00897,PPI
OMA02909,OMA00897,PPI
OMA03014,OMA00897,PPI
OMA03046,OMA00897,PPI
OMA03304,OMA00897,PPI
OMA03447,OMA00897,PPI
OMA03517,OMA00897,PPI
OMA03614,OMA00897,PPI
OMA03659,OMA00897,PPI
OMA04165,OMA00897,PPI
OMA04352,OMA00897,PPI
OMA04364,OMA00897,PPI
OMA04456,OMA00897,PPI
OMA04574,OMA00897,PPI
OMA04661,OMA00897,PPI
OMA04665,OMA00897,PPI
OMA04677,OMA00897,PPI
OMA04770,OMA00897,PPI
OMA04839,OMA00897,PPI
OMA04992,OMA00897,PPI
OMA05048,OMA00897,PPI
OMA05716,OMA00897,PPI
OMA05869,OMA00897,PPI
OMA00415,OMA00897,PPI
OMA00897,OMA00897,PPI
OMA00897,OMA01446,PPI
OMA00120,OMA00146,Metabolic
OMA02470,OMA00146,Metabolic
OMA02622,OMA00146,Metabolic
OMA04005,OMA00146,Metabolic
OMA00611,OMA00386,Regulatory
OMA00611,OMA00807,Regulatory
OMA00611,OMA01465,Regulatory
OMA02001,OMA00611,Regulatory
OMA03453,OMA00611,Regulatory
OMA04394,OMA00611,Regulatory
OMA00611,OMA00611,PPI
OMA00842,OMA02551,Regulatory
OMA02001,OMA02551,Regulatory
OMA03453,OMA02551,Regulatory
OMA04394,OMA02551,Regulatory
OMA02551,OMA02551,PPI
OMA00283,OMA01465,Metabolic
OMA00607,OMA01465,Metabolic
OMA01465,OMA01123,Metabolic
OMA01465,OMA03656,Metabolic
OMA03663,OMA01465,Metabolic
OMA00611,OMA01465,Regulatory
OMA03616,OMA01465,Regulatory
OMA04412,OMA01465,Regulatory
OMA00611,OMA00807,Regulatory
OMA03616,OMA00807,Regulatory
OMA05868,OMA00807,PPI
OMA00807,OMA00807,PPI
OMA00354,OMA00386,Metabolic
OMA00611,OMA00386,Regulatory
OMA03616,OMA00386,Regulatory
OMA02291,OMA01275,Regulatory
OMA02291,OMA02863,Regulatory
OMA01800,OMA04297,Metabolic
OMA04297,OMA04297,PPI
OMA02824,OMA00810,Regulatory
OMA02824,OMA00962,Regulatory
OMA02824,OMA01150,Regulatory
OMA02824,OMA01601,Regulatory
OMA02824,OMA02570,Regulatory
OMA02824,OMA02899,Regulatory
OMA02824,OMA00080,PPI
OMA02824,OMA04740,PPI
OMA02824,OMA04908,PPI
OMA02824,OMA05035,PPI
OMA02824,OMA05065,PPI
OMA02824,OMA05533,PPI
OMA05070,OMA02824,PPI
OMA05113,OMA02824,PPI
OMA05288,OMA02824,PPI
OMA05509,OMA02824,PPI
OMA00080,OMA02824,PPI
OMA02824,OMA00641,PPI
OMA02824,OMA02761,PPI
OMA02824,OMA02824,PPI
OMA02824,OMA03388,PPI
OMA02824,OMA04250,PPI
OMA02824,OMA04423,PPI
OMA02824,OMA04740,PPI
OMA02824,OMA04908,PPI
OMA02824,OMA05035,PPI
OMA02824,OMA05065,PPI
OMA02824,OMA05070,PPI
OMA02824,OMA05113,PPI
OMA02824,OMA05277,PPI
OMA02824,OMA05288,PPI
OMA02824,OMA05509,PPI
OMA02824,OMA05533,PPI
OMA02824,OMA02824,PPI
OMA00365,OMA00452,PPI
OMA00365,OMA00452,PPI
OMA00452,OMA00452,PPI
OMA02543,OMA02570,Metabolic
OMA02824,OMA02570,Regulatory
OMA03395,OMA02570,Regulatory
OMA02824,OMA00810,Regulatory
OMA03507,OMA00810,Regulatory
OMA02824,OMA00962,Regulatory
OMA00962,OMA00962,PPI
OMA01601,OMA01608,Metabolic
OMA01601,OMA01623,Metabolic
OMA01601,OMA05060,Metabolic
OMA02824,OMA01601,Regulatory
OMA02291,OMA02863,Regulatory
OMA02863,OMA02863,PPI
OMA02291,OMA01275,Regulatory
OMA01275,OMA01275,PPI
OMA02444,OMA03705,Metabolic
OMA02723,OMA02444,Regulatory
OMA03240,OMA02444,Regulatory
OMA03415,OMA02444,Regulatory
OMA03598,OMA02444,Regulatory
OMA03616,OMA02444,Regulatory
OMA04005,OMA00120,Metabolic
OMA04005,OMA00146,Metabolic
OMA04005,OMA02470,Metabolic
OMA04005,OMA02622,Metabolic
OMA02723,OMA04005,Regulatory
OMA03240,OMA04005,Regulatory
OMA03415,OMA04005,Regulatory
OMA03598,OMA04005,Regulatory
OMA03616,OMA04005,Regulatory
OMA02723,OMA00715,Regulatory
OMA03240,OMA00715,Regulatory
OMA03415,OMA00715,Regulatory
OMA03598,OMA00715,Regulatory
OMA03616,OMA00715,Regulatory
OMA02470,OMA00120,Metabolic
OMA02470,OMA00146,Metabolic
OMA02622,OMA02470,Metabolic
OMA04005,OMA02470,Metabolic
OMA02723,OMA02470,Regulatory
OMA03240,OMA02470,Regulatory
OMA03415,OMA02470,Regulatory
OMA03598,OMA02470,Regulatory
OMA03616,OMA02470,Regulatory
OMA00286,OMA02470,PPI
OMA02723,OMA05367,Regulatory
OMA03240,OMA05367,Regulatory
OMA03415,OMA05367,Regulatory
OMA03598,OMA05367,Regulatory
OMA03616,OMA05367,Regulatory
OMA01319,OMA01720,Regulatory
OMA03453,OMA01720,Regulatory
OMA05381,OMA01720,Regulatory
OMA01319,OMA00568,Regulatory
OMA03453,OMA00568,Regulatory
OMA05381,OMA00568,Regulatory
OMA00613,OMA00568,PPI
OMA02723,OMA03415,Regulatory
OMA03164,OMA03415,Regulatory
OMA03240,OMA03415,Regulatory
OMA03415,OMA00715,Regulatory
OMA03415,OMA02444,Regulatory
OMA03415,OMA02470,Regulatory
OMA03415,OMA03415,Regulatory
OMA03415,OMA04005,Regulatory
OMA03415,OMA05367,Regulatory
OMA03598,OMA03415,Regulatory
OMA03616,OMA03415,Regulatory
OMA03415,OMA02541,PPI
OMA00903,OMA01072,Metabolic
OMA00903,OMA01174,Metabolic
OMA01129,OMA00903,Metabolic
OMA01199,OMA00903,Metabolic
OMA03453,OMA00903,Regulatory
OMA03568,OMA00903,Regulatory
OMA05381,OMA00903,Regulatory
OMA03658,OMA03658,PPI
OMA03200,OMA02306,Metabolic
OMA03200,OMA03108,Metabolic
OMA03200,OMA03472,Metabolic
OMA03779,OMA03200,PPI
OMA03200,OMA03472,Metabolic
OMA03472,OMA02306,Metabolic
OMA03472,OMA03108,Metabolic
OMA03108,OMA02306,Metabolic
OMA03200,OMA03108,Metabolic
OMA03472,OMA03108,Metabolic
OMA03568,OMA03108,Regulatory
OMA01200,OMA03108,PPI
OMA04471,OMA03108,PPI
OMA03108,OMA02306,Metabolic
OMA03200,OMA02306,Metabolic
OMA03472,OMA02306,Metabolic
OMA02306,OMA02306,PPI
OMA02364,OMA00401,Regulatory
OMA02364,OMA01163,Regulatory
OMA02364,OMA04414,Regulatory
OMA03312,OMA00598,Metabolic
OMA00174,OMA00598,PPI
OMA00598,OMA02110,PPI
OMA02079,OMA00598,PPI
OMA00598,OMA00598,PPI
OMA01570,OMA01079,Metabolic
OMA02190,OMA01079,Metabolic
OMA02619,OMA01079,Metabolic
OMA02969,OMA01079,Metabolic
OMA00237,OMA00267,Metabolic
OMA01895,OMA00237,Regulatory
OMA03205,OMA00237,Regulatory
OMA03395,OMA00237,Regulatory
OMA04467,OMA00237,Regulatory
OMA00607,OMA01123,Metabolic
OMA01465,OMA01123,Metabolic
OMA03656,OMA01123,Metabolic
OMA01123,OMA04419,PPI
OMA02468,OMA01123,PPI
OMA01123,OMA01123,PPI
OMA02468,OMA01123,PPI
OMA04419,OMA01123,PPI
OMA01123,OMA01123,PPI
OMA00468,OMA04729,Metabolic
OMA03137,OMA04729,Metabolic
OMA05068,OMA04729,Metabolic
OMA04729,OMA00468,PPI
OMA04729,OMA03137,PPI
OMA04729,OMA05068,PPI
OMA03137,OMA04729,PPI
OMA04729,OMA04729,PPI
OMA05068,OMA04729,PPI
OMA00468,OMA05068,Metabolic
OMA03137,OMA05068,Metabolic
OMA05068,OMA04729,Metabolic
OMA03240,OMA05068,Regulatory
OMA04467,OMA05068,Regulatory
OMA04729,OMA05068,PPI
OMA03137,OMA05068,PPI
OMA05068,OMA04729,PPI
OMA05068,OMA05068,PPI
OMA00468,OMA04729,Metabolic
OMA00468,OMA05068,Metabolic
OMA03137,OMA00468,Metabolic
OMA03240,OMA00468,Regulatory
OMA04467,OMA00468,Regulatory
OMA01200,OMA00468,PPI
OMA03137,OMA00468,PPI
OMA04729,OMA00468,PPI
OMA00468,OMA05454,PPI
OMA03137,OMA00468,PPI
OMA03137,OMA00468,Metabolic
OMA03137,OMA04729,Metabolic
OMA03137,OMA05068,Metabolic
OMA03240,OMA03137,Regulatory
OMA04467,OMA03137,Regulatory
OMA03137,OMA00468,PPI
OMA04729,OMA03137,PPI
OMA03137,OMA00468,PPI
OMA03137,OMA04729,PPI
OMA03137,OMA05068,PPI
OMA02613,OMA01547,Metabolic
OMA03240,OMA01547,Regulatory
OMA04467,OMA01547,Regulatory
OMA02613,OMA01547,PPI
OMA02613,OMA01547,PPI
OMA01547,OMA01547,PPI
OMA01547,OMA02613,PPI
OMA02613,OMA01547,Metabolic
OMA03240,OMA02613,Regulatory
OMA04467,OMA02613,Regulatory
OMA02613,OMA01547,PPI
OMA02613,OMA04823,PPI
OMA00380,OMA02613,PPI
OMA02613,OMA01547,PPI
OMA04823,OMA02613,PPI
OMA01547,OMA02613,PPI
OMA03061,OMA00683,Metabolic
OMA03061,OMA01203,Metabolic
OMA04661,OMA03061,PPI
OMA03061,OMA03061,PPI
OMA01906,OMA01822,Regulatory
OMA01915,OMA01822,Regulatory
OMA03616,OMA01822,Regulatory
OMA03748,OMA01822,PPI
OMA03748,OMA01822,PPI
OMA01189,OMA01541,Metabolic
OMA01906,OMA01541,Regulatory
OMA01915,OMA01541,Regulatory
OMA03616,OMA01541,Regulatory
OMA01906,OMA01753,Regulatory
OMA01915,OMA01753,Regulatory
OMA03616,OMA01753,Regulatory
OMA01753,OMA01753,PPI
OMA03197,OMA01904,Regulatory
OMA03233,OMA01904,Regulatory
OMA01904,OMA01904,PPI
OMA01904,OMA01904,PPI
OMA02541,OMA01904,PPI
OMA01904,OMA01904,PPI
OMA03236,OMA01874,Metabolic
OMA03236,OMA03141,Metabolic
OMA03236,OMA03534,Metabolic
OMA00689,OMA03236,PPI
OMA03236,OMA03236,PPI
OMA03236,OMA03534,Metabolic
OMA03534,OMA01874,Metabolic
OMA03534,OMA03141,Metabolic
OMA03141,OMA01874,Metabolic
OMA03236,OMA03141,Metabolic
OMA03534,OMA03141,Metabolic
OMA03141,OMA03141,PPI
OMA04295,OMA01635,Regulatory
OMA01635,OMA01635,PPI
OMA01570,OMA01079,Metabolic
OMA02190,OMA01570,Metabolic
OMA02619,OMA01570,Metabolic
OMA02969,OMA01570,Metabolic
OMA02190,OMA01079,Metabolic
OMA02190,OMA01570,Metabolic
OMA02619,OMA02190,Metabolic
OMA02969,OMA02190,Metabolic
OMA03577,OMA00161,PPI
OMA03657,OMA00161,PPI
OMA03577,OMA00161,PPI
OMA03657,OMA00161,PPI
OMA02723,OMA03577,Regulatory
OMA02954,OMA03577,Regulatory
OMA03598,OMA03577,Regulatory
OMA05327,OMA03577,Regulatory
OMA03577,OMA00161,PPI
OMA03577,OMA00161,PPI
OMA02723,OMA02579,Regulatory
OMA02954,OMA02579,Regulatory
OMA03598,OMA02579,Regulatory
OMA05327,OMA02579,Regulatory
OMA05719,OMA02427,PPI
OMA02427,OMA05719,PPI
OMA02723,OMA00217,Regulatory
OMA03240,OMA00217,Regulatory
OMA03598,OMA00217,Regulatory
OMA03616,OMA00217,Regulatory
OMA00217,OMA01289,PPI
OMA00308,OMA00217,PPI
OMA00881,OMA00217,PPI
OMA01322,OMA00217,PPI
OMA03028,OMA00217,PPI
OMA04430,OMA00217,PPI
OMA04661,OMA00217,PPI
OMA04860,OMA00217,PPI
OMA00217,OMA00754,PPI
OMA00217,OMA00881,PPI
OMA00217,OMA04860,PPI
OMA00308,OMA00217,PPI
OMA01289,OMA00217,PPI
OMA01322,OMA00217,PPI
OMA02985,OMA00217,PPI
OMA03028,OMA00217,PPI
OMA03590,OMA00217,PPI
OMA03788,OMA00217,PPI
OMA04430,OMA00217,PPI
OMA04661,OMA00217,PPI
OMA05252,OMA00217,PPI
OMA00217,OMA00217,PPI
OMA00197,OMA01451,Metabolic
OMA01451,OMA02270,Metabolic
OMA02007,OMA01451,Metabolic
OMA03568,OMA01451,Regulatory
OMA01451,OMA01451,PPI
OMA01451,OMA01451,PPI
OMA01331,OMA01331,PPI
OMA00515,OMA00020,Metabolic
OMA02821,OMA00020,Metabolic
OMA00020,OMA00020,PPI
OMA05868,OMA00020,PPI
OMA00020,OMA00020,PPI
OMA05868,OMA00020,PPI
OMA00020,OMA00020,PPI
OMA00732,OMA01444,Metabolic
OMA00732,OMA01797,Metabolic
OMA00732,OMA01964,Metabolic
OMA02630,OMA00874,Metabolic
OMA02889,OMA00874,Metabolic
OMA05597,OMA00874,Metabolic
OMA00874,OMA01374,PPI
OMA00874,OMA01374,PPI
OMA01374,OMA00874,PPI
OMA04246,OMA00874,PPI
OMA01809,OMA01583,Metabolic
OMA01809,OMA02619,Metabolic
OMA01809,OMA02969,Metabolic
OMA01809,OMA01809,PPI
OMA01809,OMA02969,Metabolic
OMA02969,OMA01079,Metabolic
OMA02969,OMA01570,Metabolic
OMA02969,OMA01583,Metabolic
OMA02969,OMA02190,Metabolic
OMA02969,OMA02619,Metabolic
OMA03047,OMA02969,Regulatory
OMA02969,OMA01042,PPI
OMA01042,OMA02969,PPI
OMA01809,OMA02619,Metabolic
OMA02619,OMA01079,Metabolic
OMA02619,OMA01570,Metabolic
OMA02619,OMA01583,Metabolic
OMA02619,OMA02190,Metabolic
OMA02969,OMA02619,Metabolic
OMA01809,OMA01583,Metabolic
OMA02619,OMA01583,Metabolic
OMA02969,OMA01583,Metabolic
OMA01103,OMA01274,Metabolic
OMA00542,OMA01274,Regulatory
OMA02167,OMA01274,Regulatory
OMA00461,OMA01274,PPI
OMA01274,OMA00461,PPI
OMA01274,OMA01274,PPI
OMA01946,OMA02025,Metabolic
OMA02025,OMA00409,Metabolic
OMA02205,OMA02025,Metabolic
OMA03197,OMA02025,Regulatory
OMA00308,OMA02025,PPI
OMA01747,OMA02025,PPI
OMA02010,OMA02025,PPI
OMA02025,OMA00016,PPI
OMA02025,OMA00018,PPI
OMA02025,OMA00344,PPI
OMA02025,OMA02101,PPI
OMA03384,OMA02025,PPI
OMA03576,OMA02025,PPI
OMA04430,OMA02025,PPI
OMA00308,OMA02025,PPI
OMA01747,OMA02025,PPI
OMA02010,OMA02025,PPI
OMA02025,OMA00016,PPI
OMA02025,OMA00018,PPI
OMA02025,OMA00344,PPI
OMA02025,OMA00394,PPI
OMA02025,OMA01187,PPI
OMA02025,OMA02101,PPI
OMA02025,OMA03384,PPI
OMA02025,OMA03576,PPI
OMA04165,OMA02025,PPI
OMA04397,OMA02025,PPI
OMA04430,OMA02025,PPI
OMA05099,OMA02025,PPI
OMA02025,OMA01842,PPI
OMA02025,OMA02025,PPI
OMA01026,OMA01273,PPI
OMA01026,OMA01026,PPI
OMA01356,OMA01352,Metabolic
OMA01356,OMA01508,Metabolic
OMA00842,OMA01356,Regulatory
OMA00842,OMA01356,Regulatory
OMA03197,OMA01356,Regulatory
OMA01356,OMA01356,PPI
OMA02240,OMA01866,Metabolic
OMA02753,OMA01866,Metabolic
OMA04449,OMA01866,Regulatory
OMA04449,OMA00790,Regulatory
OMA00790,OMA03398,PPI
OMA03398,OMA00790,PPI
OMA04449,OMA01051,Regulatory
OMA01051,OMA01051,PPI
OMA04449,OMA02142,Regulatory
OMA03521,OMA02142,PPI
OMA02142,OMA02142,PPI
OMA02353,OMA00438,Metabolic
OMA02353,OMA01187,Metabolic
OMA02353,OMA02150,Metabolic
OMA02353,OMA03211,Metabolic
OMA02353,OMA03544,Metabolic
OMA02353,OMA02353,PPI
OMA02353,OMA02353,PPI
OMA02353,OMA02353,PPI
OMA00580,OMA00540,Metabolic
OMA00580,OMA01089,Metabolic
OMA02212,OMA00580,Metabolic
OMA02792,OMA00580,Metabolic
OMA03001,OMA02404,Regulatory
OMA03568,OMA02404,Regulatory
OMA02404,OMA04860,PPI
OMA04860,OMA02404,PPI
OMA03657,OMA00165,PPI
OMA00163,OMA01691,PPI
OMA01691,OMA00163,PPI
OMA03657,OMA00163,PPI
OMA01200,OMA00956,PPI
OMA02370,OMA03405,PPI
OMA03405,OMA03405,PPI
OMA02059,OMA02370,Metabolic
OMA02370,OMA02309,Metabolic
OMA01911,OMA02370,PPI
OMA01911,OMA02370,PPI
OMA02370,OMA00061,PPI
OMA02370,OMA02370,PPI
OMA02370,OMA03405,PPI
OMA00061,OMA02246,PPI
OMA00061,OMA00117,PPI
OMA00061,OMA01350,PPI
OMA00061,OMA02246,PPI
OMA03325,OMA00061,PPI
OMA00061,OMA00061,PPI
OMA02370,OMA00061,PPI
OMA00151,OMA00939,Metabolic
OMA00939,OMA00928,Metabolic
OMA05144,OMA00939,Metabolic
OMA03453,OMA00939,Regulatory
OMA00026,OMA00643,PPI
OMA00026,OMA03342,PPI
OMA00643,OMA00026,PPI
OMA03116,OMA00026,PPI
OMA03304,OMA00026,PPI
OMA00643,OMA00026,PPI
OMA00624,OMA03342,Metabolic
OMA00643,OMA00624,Metabolic
OMA03304,OMA00624,Metabolic
OMA00324,OMA00624,PPI
OMA00624,OMA00027,PPI
OMA00624,OMA00096,PPI
OMA00624,OMA00643,PPI
OMA00624,OMA03304,PPI
OMA00624,OMA03342,PPI
OMA00624,OMA00027,PPI
OMA00624,OMA00096,PPI
OMA00624,OMA00324,PPI
OMA00624,OMA00643,PPI
OMA03304,OMA00624,PPI
OMA03342,OMA00624,PPI
OMA00027,OMA00624,PPI
OMA00643,OMA00624,PPI
OMA00624,OMA03342,Metabolic
OMA00643,OMA03342,Metabolic
OMA03304,OMA03342,Metabolic
OMA00624,OMA03342,PPI
OMA03342,OMA00027,PPI
OMA03342,OMA00643,PPI
OMA00026,OMA03342,PPI
OMA03342,OMA00027,PPI
OMA03342,OMA00624,PPI
OMA03342,OMA00643,PPI
OMA00825,OMA00825,PPI
OMA03451,OMA00614,PPI
OMA00614,OMA02636,PPI
OMA03451,OMA00614,PPI
OMA00120,OMA00146,Metabolic
OMA02470,OMA00120,Metabolic
OMA02622,OMA00120,Metabolic
OMA04005,OMA00120,Metabolic
OMA05145,OMA00120,Regulatory
OMA00120,OMA03624,PPI
OMA03624,OMA00120,PPI
OMA02830,OMA03785,Metabolic
OMA03785,OMA01989,Metabolic
OMA02723,OMA03390,Regulatory
OMA03205,OMA03390,Regulatory
OMA03598,OMA03390,Regulatory
OMA05327,OMA03390,Regulatory
OMA02257,OMA03390,PPI
OMA00027,OMA03390,PPI
OMA02257,OMA03390,PPI
OMA00027,OMA03390,PPI
OMA00643,OMA03390,PPI
OMA03390,OMA03390,PPI
OMA03304,OMA00624,Metabolic
OMA03304,OMA00643,Metabolic
OMA03304,OMA03342,Metabolic
OMA02723,OMA03304,Regulatory
OMA03205,OMA03304,Regulatory
OMA03598,OMA03304,Regulatory
OMA05327,OMA03304,Regulatory
OMA00624,OMA03304,PPI
OMA01093,OMA03304,PPI
OMA03304,OMA00027,PPI
OMA03304,OMA05016,PPI
OMA03304,OMA00026,PPI
OMA03304,OMA00027,PPI
OMA03304,OMA00415,PPI
OMA03304,OMA00624,PPI
OMA03304,OMA00643,PPI
OMA03304,OMA00897,PPI
OMA03304,OMA01093,PPI
OMA03304,OMA01641,PPI
OMA03304,OMA03821,PPI
OMA03304,OMA05016,PPI
OMA00643,OMA00624,Metabolic
OMA00643,OMA03342,Metabolic
OMA03304,OMA00643,Metabolic
OMA02723,OMA00643,Regulatory
OMA03205,OMA00643,Regulatory
OMA03598,OMA00643,Regulatory
OMA05327,OMA00643,Regulatory
OMA00026,OMA00643,PPI
OMA00324,OMA00643,PPI
OMA00624,OMA00643,PPI
OMA00643,OMA00027,PPI
OMA03342,OMA00643,PPI
OMA00624,OMA00643,PPI
OMA00643,OMA00026,PPI
OMA00643,OMA00027,PPI
OMA00643,OMA00324,PPI
OMA00643,OMA01350,PPI
OMA03304,OMA00643,PPI
OMA03342,OMA00643,PPI
OMA00027,OMA00643,PPI
OMA00643,OMA00026,PPI
OMA00643,OMA00624,PPI
OMA00643,OMA00643,PPI
OMA00643,OMA03390,PPI
OMA03197,OMA00027,Regulatory
OMA00027,OMA01555,PPI
OMA00624,OMA00027,PPI
OMA00643,OMA00027,PPI
OMA01670,OMA00027,PPI
OMA03304,OMA00027,PPI
OMA03342,OMA00027,PPI
OMA00027,OMA01350,PPI
OMA00027,OMA01555,PPI
OMA00027,OMA01670,PPI
OMA00027,OMA01839,PPI
OMA00027,OMA02258,PPI
OMA00027,OMA03390,PPI
OMA00616,OMA00027,PPI
OMA00624,OMA00027,PPI
OMA00643,OMA00027,PPI
OMA01081,OMA00027,PPI
OMA02785,OMA00027,PPI
OMA03116,OMA00027,PPI
OMA03304,OMA00027,PPI
OMA03342,OMA00027,PPI
OMA00027,OMA00027,PPI
OMA00027,OMA00624,PPI
OMA00027,OMA00643,PPI
OMA00027,OMA03390,PPI
OMA00151,OMA00928,Metabolic
OMA00779,OMA00928,Metabolic
OMA00939,OMA00928,Metabolic
OMA02208,OMA00928,Metabolic
OMA02795,OMA00928,Metabolic
OMA03377,OMA00928,Metabolic
OMA05144,OMA00928,Metabolic
OMA03598,OMA00413,PPI
OMA00413,OMA00413,PPI
OMA03598,OMA00413,PPI
OMA03598,OMA00098,Regulatory
OMA03598,OMA00157,Regulatory
OMA03598,OMA00217,Regulatory
OMA03598,OMA00236,Regulatory
OMA03598,OMA00378,Regulatory
OMA03598,OMA00427,Regulatory
OMA03598,OMA00428,Regulatory
OMA03598,OMA00429,Regulatory
OMA03598,OMA00506,Regulatory
OMA03598,OMA00510,Regulatory
OMA03598,OMA00536,Regulatory
OMA03598,OMA00643,Regulatory
OMA03598,OMA00676,Regulatory
OMA03598,OMA00715,Regulatory
OMA03598,OMA00845,Regulatory
OMA03598,OMA00995,Regulatory
OMA03598,OMA01036,Regulatory
OMA03598,OMA01199,Regulatory
OMA03598,OMA01417,Regulatory
OMA03598,OMA01988,Regulatory
OMA03598,OMA02050,Regulatory
OMA03598,OMA02061,Regulatory
OMA03598,OMA02208,Regulatory
OMA03598,OMA02444,Regulatory
OMA03598,OMA02470,Regulatory
OMA03598,OMA02512,Regulatory
OMA03598,OMA02579,Regulatory
OMA03598,OMA02659,Regulatory
OMA03598,OMA02795,Regulatory
OMA03598,OMA03007,Regulatory
OMA03598,OMA03053,Regulatory
OMA03598,OMA03055,Regulatory
OMA03598,OMA03069,Regulatory
OMA03598,OMA03164,Regulatory
OMA03598,OMA03304,Regulatory
OMA03598,OMA03322,Regulatory
OMA03598,OMA03377,Regulatory
OMA03598,OMA03390,Regulatory
OMA03598,OMA03415,Regulatory
OMA03598,OMA03416,Regulatory
OMA03598,OMA03426,Regulatory
OMA03598,OMA03577,Regulatory
OMA03598,OMA03604,Regulatory
OMA03598,OMA03631,Regulatory
OMA03598,OMA03685,Regulatory
OMA03598,OMA03692,Regulatory
OMA03598,OMA03799,Regulatory
OMA03598,OMA03842,Regulatory
OMA03598,OMA04005,Regulatory
OMA03598,OMA04038,Regulatory
OMA03598,OMA04198,Regulatory
OMA03598,OMA04200,Regulatory
OMA03598,OMA04270,Regulatory
OMA03598,OMA04309,Regulatory
OMA03598,OMA04340,Regulatory
OMA03598,OMA04369,Regulatory
OMA03598,OMA04721,Regulatory
OMA03598,OMA04761,Regulatory
OMA03598,OMA04968,Regulatory
OMA03598,OMA05019,Regulatory
OMA03598,OMA05144,Regulatory
OMA03598,OMA05340,Regulatory
OMA03598,OMA05367,Regulatory
OMA03598,OMA05526,Regulatory
OMA03598,OMA05620,Regulatory
OMA03598,OMA05841,Regulatory
OMA03598,OMA00413,PPI
OMA03598,OMA00413,PPI
OMA03598,OMA00424,PPI
OMA03598,OMA03598,PPI
OMA04467,OMA01338,Regulatory
OMA04660,OMA01338,Regulatory
OMA05327,OMA01338,Regulatory
OMA00427,OMA01338,PPI
OMA03055,OMA01338,PPI
OMA00427,OMA01338,PPI
OMA01338,OMA01338,PPI
OMA03055,OMA01338,PPI
OMA00449,OMA00427,Metabolic
OMA00497,OMA00427,Metabolic
OMA02400,OMA00427,Metabolic
OMA03948,OMA00427,Metabolic
OMA03240,OMA00427,Regulatory
OMA03346,OMA00427,Regulatory
OMA03598,OMA00427,Regulatory
OMA04316,OMA00427,Regulatory
OMA05327,OMA00427,Regulatory
OMA00427,OMA01338,PPI
OMA03055,OMA00427,PPI
OMA00427,OMA00427,PPI
OMA00427,OMA01338,PPI
OMA00427,OMA01592,PPI
OMA03240,OMA03055,Regulatory
OMA03346,OMA03055,Regulatory
OMA03598,OMA03055,Regulatory
OMA04316,OMA03055,Regulatory
OMA05327,OMA03055,Regulatory
OMA03055,OMA00427,PPI
OMA03055,OMA01338,PPI
OMA03055,OMA01338,PPI
OMA03240,OMA03799,Regulatory
OMA03346,OMA03799,Regulatory
OMA03598,OMA03799,Regulatory
OMA04316,OMA03799,Regulatory
OMA05327,OMA03799,Regulatory
OMA03799,OMA00080,PPI
OMA00080,OMA03799,PPI
OMA03799,OMA00137,PPI
OMA03240,OMA04721,Regulatory
OMA03346,OMA04721,Regulatory
OMA03598,OMA04721,Regulatory
OMA04316,OMA04721,Regulatory
OMA05327,OMA04721,Regulatory
OMA03240,OMA02659,Regulatory
OMA03346,OMA02659,Regulatory
OMA03598,OMA02659,Regulatory
OMA04316,OMA02659,Regulatory
OMA05327,OMA02659,Regulatory
OMA00503,OMA00524,Metabolic
OMA00503,OMA04246,Metabolic
OMA00503,OMA05597,Metabolic
OMA03568,OMA00503,Regulatory
OMA00503,OMA00503,PPI
OMA00688,OMA00942,Metabolic
OMA00904,OMA00942,Metabolic
OMA00942,OMA00991,Metabolic
OMA00942,OMA02084,Metabolic
OMA00980,OMA00942,Metabolic
OMA01895,OMA00942,Regulatory
OMA04660,OMA00942,Regulatory
OMA00607,OMA03656,Metabolic
OMA01465,OMA03656,Metabolic
OMA03656,OMA01123,Metabolic
OMA01785,OMA03656,Regulatory
OMA02001,OMA03656,Regulatory
OMA02894,OMA03656,Regulatory
OMA03656,OMA03656,PPI
OMA03656,OMA03656,PPI
OMA00927,OMA00448,Metabolic
OMA00448,OMA04823,PPI
OMA04823,OMA00448,PPI
OMA00555,OMA00754,Metabolic
OMA00754,OMA03211,Metabolic
OMA00867,OMA00754,Metabolic
OMA00754,OMA00754,PPI
OMA00754,OMA01692,PPI
OMA00217,OMA00754,PPI
OMA00754,OMA00754,PPI
OMA01692,OMA00754,PPI
OMA00929,OMA00881,Metabolic
OMA00620,OMA00881,PPI
OMA00881,OMA00217,PPI
OMA02090,OMA00881,PPI
OMA00217,OMA00881,PPI
OMA00881,OMA00394,PPI
OMA00881,OMA00620,PPI
OMA00881,OMA00881,PPI
OMA00881,OMA01200,PPI
OMA00881,OMA01692,PPI
OMA00881,OMA02090,PPI
OMA02003,OMA00881,PPI
OMA00881,OMA00881,PPI
OMA00403,OMA00403,PPI
OMA00353,OMA00403,PPI
OMA04282,OMA00403,PPI
OMA00403,OMA00403,PPI
OMA00403,OMA04282,PPI
OMA01789,OMA02323,Metabolic
OMA01789,OMA03313,Metabolic
OMA01789,OMA03506,Metabolic
OMA02712,OMA01789,Metabolic
OMA03395,OMA01789,Regulatory
OMA02664,OMA04014,Metabolic
OMA02970,OMA00222,Metabolic
OMA02970,OMA03775,Metabolic
OMA02970,OMA03624,PPI
OMA03624,OMA02970,PPI
OMA02970,OMA03775,Metabolic
OMA03775,OMA00222,Metabolic
OMA00927,OMA00448,Metabolic
OMA00927,OMA00927,PPI
OMA00927,OMA00927,PPI
OMA00925,OMA02040,Metabolic
OMA02040,OMA00704,Metabolic
OMA02040,OMA02049,Metabolic
OMA01906,OMA02040,Regulatory
OMA01915,OMA02040,Regulatory
OMA03616,OMA02040,Regulatory
OMA00925,OMA00704,Metabolic
OMA02040,OMA00704,Metabolic
OMA02049,OMA00704,Metabolic
OMA01906,OMA00704,Regulatory
OMA01915,OMA00704,Regulatory
OMA03616,OMA00704,Regulatory
OMA00925,OMA02049,Metabolic
OMA02040,OMA02049,Metabolic
OMA02049,OMA00704,Metabolic
OMA03830,OMA02049,Regulatory
OMA04394,OMA02049,Regulatory
OMA02049,OMA01081,PPI
OMA04621,OMA02049,PPI
OMA01081,OMA02049,PPI
OMA02909,OMA02049,PPI
OMA04621,OMA02049,PPI
OMA01915,OMA00704,Regulatory
OMA01915,OMA01541,Regulatory
OMA01915,OMA01753,Regulatory
OMA01915,OMA01822,Regulatory
OMA01915,OMA02040,Regulatory
OMA01915,OMA01906,PPI
OMA01906,OMA01915,PPI
OMA01915,OMA01915,PPI
OMA03346,OMA00157,Regulatory
OMA03346,OMA00236,Regulatory
OMA03346,OMA00378,Regulatory
OMA03346,OMA00427,Regulatory
OMA03346,OMA00510,Regulatory
OMA03346,OMA00995,Regulatory
OMA03346,OMA02061,Regulatory
OMA03346,OMA02208,Regulatory
OMA03346,OMA02512,Regulatory
OMA03346,OMA02659,Regulatory
OMA03346,OMA02795,Regulatory
OMA03346,OMA03007,Regulatory
OMA03346,OMA03055,Regulatory
OMA03346,OMA03322,Regulatory
OMA03346,OMA03377,Regulatory
OMA03346,OMA03426,Regulatory
OMA03346,OMA03604,Regulatory
OMA03346,OMA03631,Regulatory
OMA03346,OMA03685,Regulatory
OMA03346,OMA03692,Regulatory
OMA03346,OMA03799,Regulatory
OMA03346,OMA04200,Regulatory
OMA03346,OMA04309,Regulatory
OMA03346,OMA04369,Regulatory
OMA03346,OMA04721,Regulatory
OMA03346,OMA05144,Regulatory
OMA03346,OMA05526,Regulatory
OMA03346,OMA05841,Regulatory
OMA00424,OMA03346,PPI
OMA03692,OMA02261,Metabolic
OMA02723,OMA03692,Regulatory
OMA02954,OMA03692,Regulatory
OMA03346,OMA03692,Regulatory
OMA03598,OMA03692,Regulatory
OMA03007,OMA03692,PPI
OMA03604,OMA03692,PPI
OMA02512,OMA03631,Metabolic
OMA03322,OMA03631,Metabolic
OMA03631,OMA00157,Metabolic
OMA03631,OMA04309,Metabolic
OMA05526,OMA03631,Metabolic
OMA02723,OMA03631,Regulatory
OMA02954,OMA03631,Regulatory
OMA03346,OMA03631,Regulatory
OMA03598,OMA03631,Regulatory
OMA04316,OMA03631,Regulatory
OMA03631,OMA03631,PPI
OMA00157,OMA04309,Metabolic
OMA02512,OMA04309,Metabolic
OMA03322,OMA04309,Metabolic
OMA03631,OMA04309,Metabolic
OMA05526,OMA04309,Metabolic
OMA02723,OMA04309,Regulatory
OMA02954,OMA04309,Regulatory
OMA03346,OMA04309,Regulatory
OMA03598,OMA04309,Regulatory
OMA04316,OMA04309,Regulatory
OMA00157,OMA04309,PPI
OMA04309,OMA00157,PPI
OMA04309,OMA00157,PPI
OMA02512,OMA00157,Metabolic
OMA02512,OMA03322,Metabolic
OMA02512,OMA03631,Metabolic
OMA02512,OMA04309,Metabolic
OMA02723,OMA02512,Regulatory
OMA02954,OMA02512,Regulatory
OMA03346,OMA02512,Regulatory
OMA03598,OMA02512,Regulatory
OMA04316,OMA02512,Regulatory
OMA02512,OMA01042,PPI
OMA01042,OMA02512,PPI
OMA02512,OMA03322,Metabolic
OMA03322,OMA00157,Metabolic
OMA03322,OMA03631,Metabolic
OMA03322,OMA04309,Metabolic
OMA02723,OMA03322,Regulatory
OMA02954,OMA03322,Regulatory
OMA03346,OMA03322,Regulatory
OMA03598,OMA03322,Regulatory
OMA04316,OMA03322,Regulatory
OMA00157,OMA04309,Metabolic
OMA02512,OMA00157,Metabolic
OMA03322,OMA00157,Metabolic
OMA03631,OMA00157,Metabolic
OMA05526,OMA00157,Metabolic
OMA02723,OMA00157,Regulatory
OMA02954,OMA00157,Regulatory
OMA03346,OMA00157,Regulatory
OMA03598,OMA00157,Regulatory
OMA04316,OMA00157,Regulatory
OMA00157,OMA00565,PPI
OMA00157,OMA02655,PPI
OMA00157,OMA04309,PPI
OMA00157,OMA04419,PPI
OMA00157,OMA05288,PPI
OMA00157,OMA05526,PPI
OMA00157,OMA05686,PPI
OMA00157,OMA00117,PPI
OMA00157,OMA00565,PPI
OMA00157,OMA00897,PPI
OMA00157,OMA02655,PPI
OMA00157,OMA04419,PPI
OMA00157,OMA05288,PPI
OMA00157,OMA05686,PPI
OMA04309,OMA00157,PPI
OMA05526,OMA00157,PPI
OMA04309,OMA00157,PPI
OMA05526,OMA00157,PPI
OMA05526,OMA00157,Metabolic
OMA05526,OMA03631,Metabolic
OMA05526,OMA04309,Metabolic
OMA02723,OMA05526,Regulatory
OMA02954,OMA05526,Regulatory
OMA03346,OMA05526,Regulatory
OMA03598,OMA05526,Regulatory
OMA04316,OMA05526,Regulatory
OMA00157,OMA05526,PPI
OMA00283,OMA05526,PPI
OMA03320,OMA05526,PPI
OMA05336,OMA05526,PPI
OMA05526,OMA00616,PPI
OMA05526,OMA04229,PPI
OMA00283,OMA05526,PPI
OMA03320,OMA05526,PPI
OMA05526,OMA00157,PPI
OMA05526,OMA00415,PPI
OMA05526,OMA00616,PPI
OMA05526,OMA01592,PPI
OMA05526,OMA04229,PPI
OMA05526,OMA05336,PPI
OMA05526,OMA00157,PPI
OMA05381,OMA04182,Regulatory
OMA00428,OMA00676,Metabolic
OMA00429,OMA00676,Metabolic
OMA01036,OMA00676,Metabolic
OMA02050,OMA00676,Metabolic
OMA03416,OMA00676,Metabolic
OMA03842,OMA00676,Metabolic
OMA04038,OMA00676,Metabolic
OMA04198,OMA00676,Metabolic
OMA04531,OMA00676,Metabolic
OMA05340,OMA00676,Metabolic
OMA02723,OMA00676,Regulatory
OMA03240,OMA00676,Regulatory
OMA03598,OMA00676,Regulatory
OMA05327,OMA00676,Regulatory
OMA05327,OMA00676,Regulatory
OMA04531,OMA00676,PPI
OMA00428,OMA00429,Metabolic
OMA00429,OMA00676,Metabolic
OMA01036,OMA00429,Metabolic
OMA02050,OMA00429,Metabolic
OMA03416,OMA00429,Metabolic
OMA03842,OMA00429,Metabolic
OMA04038,OMA00429,Metabolic
OMA04198,OMA00429,Metabolic
OMA04531,OMA00429,Metabolic
OMA05340,OMA00429,Metabolic
OMA02723,OMA00429,Regulatory
OMA03240,OMA00429,Regulatory
OMA03598,OMA00429,Regulatory
OMA05327,OMA00429,Regulatory
OMA04531,OMA00429,PPI
OMA00428,OMA05340,Metabolic
OMA01036,OMA05340,Metabolic
OMA02050,OMA05340,Metabolic
OMA03416,OMA05340,Metabolic
OMA03842,OMA05340,Metabolic
OMA04038,OMA05340,Metabolic
OMA04198,OMA05340,Metabolic
OMA04531,OMA05340,Metabolic
OMA05340,OMA00429,Metabolic
OMA05340,OMA00676,Metabolic
OMA02723,OMA05340,Regulatory
OMA03240,OMA05340,Regulatory
OMA03598,OMA05340,Regulatory
OMA05327,OMA05340,Regulatory
OMA04531,OMA05340,PPI
OMA00428,OMA04038,Metabolic
OMA01036,OMA04038,Metabolic
OMA02050,OMA04038,Metabolic
OMA03416,OMA04038,Metabolic
OMA03842,OMA04038,Metabolic
OMA04038,OMA00429,Metabolic
OMA04038,OMA00676,Metabolic
OMA04038,OMA05340,Metabolic
OMA04198,OMA04038,Metabolic
OMA04531,OMA04038,Metabolic
OMA02723,OMA04038,Regulatory
OMA03240,OMA04038,Regulatory
OMA03598,OMA04038,Regulatory
OMA05327,OMA04038,Regulatory
OMA04531,OMA04038,PPI
OMA00428,OMA03842,Metabolic
OMA01036,OMA03842,Metabolic
OMA02050,OMA03842,Metabolic
OMA03416,OMA03842,Metabolic
OMA03842,OMA00429,Metabolic
OMA03842,OMA00676,Metabolic
OMA03842,OMA04038,Metabolic
OMA03842,OMA05340,Metabolic
OMA04198,OMA03842,Metabolic
OMA04531,OMA03842,Metabolic
OMA02723,OMA03842,Regulatory
OMA03240,OMA03842,Regulatory
OMA03598,OMA03842,Regulatory
OMA05327,OMA03842,Regulatory
OMA00428,OMA02050,Metabolic
OMA01036,OMA02050,Metabolic
OMA02050,OMA00429,Metabolic
OMA02050,OMA00676,Metabolic
OMA02050,OMA03842,Metabolic
OMA02050,OMA04038,Metabolic
OMA02050,OMA05340,Metabolic
OMA03416,OMA02050,Metabolic
OMA04198,OMA02050,Metabolic
OMA04531,OMA02050,Metabolic
OMA02723,OMA02050,Regulatory
OMA03240,OMA02050,Regulatory
OMA03598,OMA02050,Regulatory
OMA05327,OMA02050,Regulatory
OMA00428,OMA01036,Metabolic
OMA01036,OMA00429,Metabolic
OMA01036,OMA00676,Metabolic
OMA01036,OMA02050,Metabolic
OMA01036,OMA03842,Metabolic
OMA01036,OMA04038,Metabolic
OMA01036,OMA05340,Metabolic
OMA03416,OMA01036,Metabolic
OMA04198,OMA01036,Metabolic
OMA04531,OMA01036,Metabolic
OMA02723,OMA01036,Regulatory
OMA03240,OMA01036,Regulatory
OMA03598,OMA01036,Regulatory
OMA05327,OMA01036,Regulatory
OMA00428,OMA04198,Metabolic
OMA03416,OMA04198,Metabolic
OMA04198,OMA00429,Metabolic
OMA04198,OMA00676,Metabolic
OMA04198,OMA01036,Metabolic
OMA04198,OMA02050,Metabolic
OMA04198,OMA03842,Metabolic
OMA04198,OMA04038,Metabolic
OMA04198,OMA05340,Metabolic
OMA04531,OMA04198,Metabolic
OMA02723,OMA04198,Regulatory
OMA03240,OMA04198,Regulatory
OMA03598,OMA04198,Regulatory
OMA05327,OMA04198,Regulatory
OMA00098,OMA04198,PPI
OMA04198,OMA00098,PPI
OMA00428,OMA00429,Metabolic
OMA00428,OMA00676,Metabolic
OMA00428,OMA01036,Metabolic
OMA00428,OMA02050,Metabolic
OMA00428,OMA03842,Metabolic
OMA00428,OMA04038,Metabolic
OMA00428,OMA04198,Metabolic
OMA00428,OMA05340,Metabolic
OMA03416,OMA00428,Metabolic
OMA04531,OMA00428,Metabolic
OMA02723,OMA00428,Regulatory
OMA03240,OMA00428,Regulatory
OMA03598,OMA00428,Regulatory
OMA05327,OMA00428,Regulatory
OMA00428,OMA01670,PPI
OMA01472,OMA00428,PPI
OMA00098,OMA00428,PPI
OMA01081,OMA00428,PPI
OMA01472,OMA00428,PPI
OMA01670,OMA00428,PPI
OMA00428,OMA00098,PPI
OMA03416,OMA00428,PPI
OMA03416,OMA00428,Metabolic
OMA03416,OMA00429,Metabolic
OMA03416,OMA00676,Metabolic
OMA03416,OMA01036,Metabolic
OMA03416,OMA02050,Metabolic
OMA03416,OMA03842,Metabolic
OMA03416,OMA04038,Metabolic
OMA03416,OMA04198,Metabolic
OMA03416,OMA05340,Metabolic
OMA04531,OMA03416,Metabolic
OMA02723,OMA03416,Regulatory
OMA03240,OMA03416,Regulatory
OMA03598,OMA03416,Regulatory
OMA05327,OMA03416,Regulatory
OMA03416,OMA00428,PPI
OMA04531,OMA00428,Metabolic
OMA04531,OMA00429,Metabolic
OMA04531,OMA00676,Metabolic
OMA04531,OMA01036,Metabolic
OMA04531,OMA02050,Metabolic
OMA04531,OMA03416,Metabolic
OMA04531,OMA03842,Metabolic
OMA04531,OMA04038,Metabolic
OMA04531,OMA04198,Metabolic
OMA04531,OMA05340,Metabolic
OMA03233,OMA04531,Regulatory
OMA03507,OMA04531,Regulatory
OMA04531,OMA00429,PPI
OMA04531,OMA00676,PPI
OMA04531,OMA00845,PPI
OMA04531,OMA00883,PPI
OMA04531,OMA04038,PPI
OMA04531,OMA05340,PPI
OMA01419,OMA00354,Metabolic
OMA01419,OMA01375,Metabolic
OMA01419,OMA01400,Metabolic
OMA01497,OMA01419,Metabolic
OMA00283,OMA01465,Metabolic
OMA01991,OMA00283,Metabolic
OMA03663,OMA00283,Metabolic
OMA00283,OMA05526,PPI
OMA00421,OMA00283,PPI
OMA00283,OMA01350,PPI
OMA00283,OMA01555,PPI
OMA00283,OMA05526,PPI
OMA00421,OMA00283,PPI
OMA00958,OMA02945,Metabolic
OMA02945,OMA02971,Metabolic
OMA02945,OMA02972,Metabolic
OMA02945,OMA03298,Metabolic
OMA03172,OMA02945,Metabolic
OMA03174,OMA02945,Metabolic
OMA03461,OMA02945,Metabolic
OMA03513,OMA02945,Metabolic
OMA04449,OMA02945,Regulatory
OMA00958,OMA03298,Metabolic
OMA02945,OMA03298,Metabolic
OMA03172,OMA03298,Metabolic
OMA03174,OMA03298,Metabolic
OMA03298,OMA02971,Metabolic
OMA03298,OMA02972,Metabolic
OMA03461,OMA03298,Metabolic
OMA03513,OMA03298,Metabolic
OMA04449,OMA03298,Regulatory
OMA00958,OMA03461,Metabolic
OMA03461,OMA02945,Metabolic
OMA03461,OMA02971,Metabolic
OMA03461,OMA02972,Metabolic
OMA03461,OMA03298,Metabolic
OMA04449,OMA03461,Regulatory
OMA00958,OMA02971,Metabolic
OMA02945,OMA02971,Metabolic
OMA03298,OMA02971,Metabolic
OMA03461,OMA02971,Metabolic
OMA00842,OMA02971,Regulatory
OMA02971,OMA02971,PPI
OMA02945,OMA02972,Metabolic
OMA03298,OMA02972,Metabolic
OMA03461,OMA02972,Metabolic
OMA00842,OMA02972,Regulatory
OMA00842,OMA02972,Regulatory
OMA00281,OMA00215,Metabolic
OMA01170,OMA00281,Metabolic
OMA01509,OMA00281,Metabolic
OMA03214,OMA00281,Regulatory
OMA03240,OMA00281,Regulatory
OMA00281,OMA00096,PPI
OMA00281,OMA00711,PPI
OMA00281,OMA01170,PPI
OMA00281,OMA02277,PPI
OMA00281,OMA00096,PPI
OMA00281,OMA00415,PPI
OMA00281,OMA00897,PPI
OMA00711,OMA00281,PPI
OMA01170,OMA00281,PPI
OMA02277,OMA00281,PPI
OMA01170,OMA00215,Metabolic
OMA01170,OMA00281,Metabolic
OMA01509,OMA01170,Metabolic
OMA00281,OMA01170,PPI
OMA01170,OMA02258,PPI
OMA01170,OMA00281,PPI
OMA01170,OMA00431,PPI
OMA01170,OMA00897,PPI
OMA01170,OMA02258,PPI
OMA01170,OMA04250,PPI
OMA01170,OMA05065,PPI
OMA01170,OMA05113,PPI
OMA00540,OMA01089,Metabolic
OMA00580,OMA01089,Metabolic
OMA03781,OMA01089,Metabolic
OMA02510,OMA01089,Regulatory
OMA01035,OMA02147,Metabolic
OMA02147,OMA03940,Metabolic
OMA03508,OMA02147,Regulatory
OMA02147,OMA02147,PPI
OMA00503,OMA05597,Metabolic
OMA00524,OMA05597,Metabolic
OMA02176,OMA05597,Metabolic
OMA03715,OMA05597,Metabolic
OMA04442,OMA05597,Metabolic
OMA04947,OMA05597,Metabolic
OMA05279,OMA05597,Metabolic
OMA05597,OMA00391,Metabolic
OMA05597,OMA00581,Metabolic
OMA05597,OMA00874,Metabolic
OMA05597,OMA00992,Metabolic
OMA05597,OMA01028,Metabolic
OMA05597,OMA01676,Metabolic
OMA05597,OMA02165,Metabolic
OMA05597,OMA02630,Metabolic
OMA05597,OMA02889,Metabolic
OMA05597,OMA04246,Metabolic
OMA05597,OMA04444,Metabolic
OMA05597,OMA05079,Metabolic
OMA05597,OMA05246,Metabolic
OMA05597,OMA05397,Metabolic
OMA05597,OMA00524,PPI
OMA00524,OMA05597,PPI
OMA00391,OMA05597,PPI
OMA00524,OMA05597,PPI
OMA05597,OMA00617,PPI
OMA05597,OMA02165,PPI
OMA05597,OMA04246,PPI
OMA05597,OMA04288,PPI
OMA05597,OMA05079,PPI
OMA05597,OMA05597,PPI
OMA00503,OMA00524,Metabolic
OMA00524,OMA00391,Metabolic
OMA00524,OMA00581,Metabolic
OMA00524,OMA00992,Metabolic
OMA00524,OMA01028,Metabolic
OMA00524,OMA01676,Metabolic
OMA00524,OMA02165,Metabolic
OMA00524,OMA02630,Metabolic
OMA00524,OMA02889,Metabolic
OMA00524,OMA04246,Metabolic
OMA00524,OMA04444,Metabolic
OMA00524,OMA05079,Metabolic
OMA00524,OMA05246,Metabolic
OMA00524,OMA05397,Metabolic
OMA00524,OMA05597,Metabolic
OMA02176,OMA00524,Metabolic
OMA03715,OMA00524,Metabolic
OMA04442,OMA00524,Metabolic
OMA04947,OMA00524,Metabolic
OMA05279,OMA00524,Metabolic
OMA01374,OMA00524,Regulatory
OMA01376,OMA00524,Regulatory
OMA02001,OMA00524,Regulatory
OMA03616,OMA00524,Regulatory
OMA00308,OMA00524,PPI
OMA05597,OMA00524,PPI
OMA00308,OMA00524,PPI
OMA00524,OMA00524,PPI
OMA00524,OMA05597,PPI
OMA00524,OMA00524,PPI
OMA00524,OMA04246,PPI
OMA00524,OMA05597,PPI
OMA00503,OMA04246,Metabolic
OMA00524,OMA04246,Metabolic
OMA05597,OMA04246,Metabolic
OMA01374,OMA04246,Regulatory
OMA01376,OMA04246,Regulatory
OMA02001,OMA04246,Regulatory
OMA03616,OMA04246,Regulatory
OMA00524,OMA04246,PPI
OMA00710,OMA04246,PPI
OMA01666,OMA04246,PPI
OMA04246,OMA00874,PPI
OMA04246,OMA04246,PPI
OMA05597,OMA04246,PPI
OMA04333,OMA04333,PPI
OMA03550,OMA03550,PPI
OMA03550,OMA03550,PPI
OMA03550,OMA03550,PPI
OMA00998,OMA02477,Metabolic
OMA00998,OMA02477,PPI
OMA00998,OMA02477,Metabolic
OMA00998,OMA00998,PPI
OMA00998,OMA02477,PPI
OMA00955,OMA01747,PPI
OMA01747,OMA00955,PPI
OMA01360,OMA00438,PPI
OMA00438,OMA01360,PPI
OMA01464,OMA00122,Metabolic
OMA01464,OMA01628,Metabolic
OMA01464,OMA01999,Metabolic
OMA00677,OMA00946,Metabolic
OMA00946,OMA00122,Metabolic
OMA03318,OMA05051,PPI
OMA05051,OMA05051,PPI
OMA05406,OMA05406,PPI
OMA01991,OMA00283,Metabolic
OMA01991,OMA01991,PPI
OMA02830,OMA01989,Metabolic
OMA02830,OMA03785,Metabolic
OMA03356,OMA02497,PPI
OMA02497,OMA03356,PPI
OMA03356,OMA03356,PPI
OMA05176,OMA05176,PPI
OMA02510,OMA00424,Regulatory
OMA00394,OMA00424,PPI
OMA00424,OMA00424,PPI
OMA00424,OMA03346,PPI
OMA03598,OMA00424,PPI
OMA03422,OMA00850,Regulatory
OMA03616,OMA00850,Regulatory
OMA00850,OMA00850,PPI
OMA03422,OMA01204,Regulatory
OMA03616,OMA01204,Regulatory
OMA05843,OMA01204,PPI
OMA01204,OMA01204,PPI
OMA03422,OMA00917,Regulatory
OMA03616,OMA00917,Regulatory
OMA00917,OMA04151,PPI
OMA00137,OMA00917,PPI
OMA04151,OMA00917,PPI
OMA00673,OMA01444,Metabolic
OMA00732,OMA01444,Metabolic
OMA00740,OMA01444,Metabolic
OMA01797,OMA01444,Metabolic
OMA01964,OMA01444,Metabolic
OMA00842,OMA01444,Regulatory
OMA04467,OMA01444,Regulatory
OMA05145,OMA01444,Regulatory
OMA01444,OMA00230,PPI
OMA01444,OMA04419,PPI
OMA01797,OMA01444,PPI
OMA00230,OMA01444,PPI
OMA01797,OMA01444,PPI
OMA04419,OMA01444,PPI
OMA01444,OMA01444,PPI
OMA01444,OMA01797,PPI
OMA00673,OMA01797,Metabolic
OMA00732,OMA01797,Metabolic
OMA00740,OMA01797,Metabolic
OMA01797,OMA01444,Metabolic
OMA01964,OMA01797,Metabolic
OMA01797,OMA01444,PPI
OMA01797,OMA01444,PPI
OMA01444,OMA01797,PPI
OMA00673,OMA01964,Metabolic
OMA00732,OMA01964,Metabolic
OMA00740,OMA01964,Metabolic
OMA01964,OMA01444,Metabolic
OMA01964,OMA01797,Metabolic
OMA00751,OMA01607,Regulatory
OMA00842,OMA00751,Regulatory
OMA05341,OMA00751,Regulatory
OMA01607,OMA00782,Metabolic
OMA00842,OMA00782,Regulatory
OMA00842,OMA00782,Regulatory
OMA05341,OMA00782,Regulatory
OMA00782,OMA00111,PPI
OMA00782,OMA00782,PPI
OMA00111,OMA00782,PPI
OMA00782,OMA00782,PPI
OMA01746,OMA00782,PPI
OMA00782,OMA00782,PPI
OMA01607,OMA00782,Metabolic
OMA00751,OMA01607,Regulatory
OMA02723,OMA01607,Regulatory
OMA00683,OMA01203,Metabolic
OMA03061,OMA01203,Metabolic
OMA00054,OMA01203,PPI
OMA00362,OMA01203,PPI
OMA00778,OMA01203,PPI
OMA01203,OMA00273,PPI
OMA01591,OMA01203,PPI
OMA03451,OMA01203,PPI
OMA04661,OMA01203,PPI
OMA05869,OMA01203,PPI
OMA00054,OMA01203,PPI
OMA00362,OMA01203,PPI
OMA00778,OMA01203,PPI
OMA01203,OMA00273,PPI
OMA01203,OMA00394,PPI
OMA01203,OMA00832,PPI
OMA01203,OMA01203,PPI
OMA01203,OMA03514,PPI
OMA01203,OMA04009,PPI
OMA01203,OMA04250,PPI
OMA01240,OMA01203,PPI
OMA01591,OMA01203,PPI
OMA03451,OMA01203,PPI
OMA04661,OMA01203,PPI
OMA05264,OMA01203,PPI
OMA05869,OMA01203,PPI
OMA01203,OMA00054,PPI
OMA01203,OMA01203,PPI
OMA01025,OMA01006,Metabolic
OMA01006,OMA01006,PPI
OMA01006,OMA01025,PPI
OMA01057,OMA01161,Metabolic
OMA01369,OMA01161,Metabolic
OMA02349,OMA01161,Regulatory
OMA02510,OMA01161,Regulatory
OMA00688,OMA00980,Metabolic
OMA00904,OMA00980,Metabolic
OMA00980,OMA00942,Metabolic
OMA00980,OMA00991,Metabolic
OMA00980,OMA02084,Metabolic
OMA00397,OMA01567,PPI
OMA00397,OMA01567,PPI
OMA01567,OMA01567,PPI
OMA03603,OMA03546,Metabolic
OMA03047,OMA03546,Regulatory
OMA03546,OMA03546,PPI
OMA03047,OMA01094,Regulatory
OMA03616,OMA00447,Regulatory
OMA00447,OMA00447,PPI
OMA00447,OMA00447,PPI
OMA03616,OMA00875,Regulatory
OMA04143,OMA00875,PPI
OMA04143,OMA00875,PPI
OMA00875,OMA00875,PPI
OMA03616,OMA04665,Regulatory
OMA00615,OMA04665,PPI
OMA04665,OMA00897,PPI
OMA04665,OMA04612,PPI
OMA04665,OMA05016,PPI
OMA04665,OMA05177,PPI
OMA04665,OMA04665,PPI
OMA03616,OMA03219,Regulatory
OMA02591,OMA00844,Regulatory
OMA03205,OMA00844,Regulatory
OMA04295,OMA00844,Regulatory
OMA02641,OMA02641,PPI
OMA03581,OMA03560,Metabolic
OMA03560,OMA03560,PPI
OMA03560,OMA03560,PPI
OMA01591,OMA01321,Metabolic
OMA02001,OMA01591,Regulatory
OMA03616,OMA01591,Regulatory
OMA00054,OMA01591,PPI
OMA00308,OMA01591,PPI
OMA01591,OMA00273,PPI
OMA01591,OMA01203,PPI
OMA01591,OMA04740,PPI
OMA01591,OMA05264,PPI
OMA04588,OMA01591,PPI
OMA05288,OMA01591,PPI
OMA05545,OMA01591,PPI
OMA00308,OMA01591,PPI
OMA01591,OMA00054,PPI
OMA01591,OMA00273,PPI
OMA01591,OMA00394,PPI
OMA01591,OMA01203,PPI
OMA01591,OMA04588,PPI
OMA01591,OMA04740,PPI
OMA01591,OMA05264,PPI
OMA01591,OMA05288,PPI
OMA01591,OMA05545,PPI
OMA00326,OMA00336,Metabolic
OMA02185,OMA00336,Metabolic
OMA02721,OMA00336,Metabolic
OMA00336,OMA00336,PPI
OMA01060,OMA02300,Metabolic
OMA02349,OMA02300,Regulatory
OMA03395,OMA02300,Regulatory
OMA00925,OMA00704,Metabolic
OMA00925,OMA02040,Metabolic
OMA00925,OMA02049,Metabolic
OMA02167,OMA00925,Regulatory
OMA05341,OMA00925,Regulatory
OMA00770,OMA01408,Metabolic
OMA03001,OMA01408,Regulatory
OMA03508,OMA01408,Regulatory
OMA00770,OMA01408,Metabolic
OMA02341,OMA00770,Regulatory
OMA02925,OMA00770,Regulatory
OMA03616,OMA00770,Regulatory
OMA03645,OMA00770,Regulatory
OMA00770,OMA05403,PPI
OMA05403,OMA00770,PPI
OMA03598,OMA05620,Regulatory
OMA01563,OMA05620,PPI
OMA05620,OMA02009,PPI
OMA02009,OMA05620,PPI
OMA03045,OMA05620,PPI
OMA05620,OMA00506,PPI
OMA05620,OMA01563,PPI
OMA05620,OMA01563,PPI
OMA03598,OMA05019,Regulatory
OMA03598,OMA04270,Regulatory
OMA01592,OMA04270,PPI
OMA01592,OMA04270,PPI
OMA03598,OMA04340,Regulatory
OMA03598,OMA00506,Regulatory
OMA00506,OMA05016,PPI
OMA00506,OMA05272,PPI
OMA00506,OMA05686,PPI
OMA02804,OMA00506,PPI
OMA03624,OMA00506,PPI
OMA05288,OMA00506,PPI
OMA00506,OMA01016,PPI
OMA00506,OMA01350,PPI
OMA00506,OMA03201,PPI
OMA00506,OMA05016,PPI
OMA00506,OMA05177,PPI
OMA00506,OMA05272,PPI
OMA00506,OMA05288,PPI
OMA00506,OMA05686,PPI
OMA02804,OMA00506,PPI
OMA03624,OMA00506,PPI
OMA05620,OMA00506,PPI
OMA00506,OMA00506,PPI
OMA00506,OMA01592,PPI
OMA03598,OMA01417,Regulatory
OMA03598,OMA01988,Regulatory
OMA01592,OMA04270,PPI
OMA01592,OMA04270,PPI
OMA05526,OMA01592,PPI
OMA00427,OMA01592,PPI
OMA00506,OMA01592,PPI
OMA01592,OMA01592,PPI
OMA03800,OMA03800,PPI
OMA02506,OMA00941,Metabolic
OMA05193,OMA00941,PPI
OMA00941,OMA00941,PPI
OMA00324,OMA00624,PPI
OMA00324,OMA00643,PPI
OMA00624,OMA00324,PPI
OMA00643,OMA00324,PPI
OMA01860,OMA00324,PPI
OMA01369,OMA01057,Metabolic
OMA01369,OMA01161,Metabolic
OMA00904,OMA00991,Metabolic
OMA00942,OMA00991,Metabolic
OMA00980,OMA00991,Metabolic
OMA02242,OMA00991,Regulatory
OMA02723,OMA00991,Regulatory
OMA03616,OMA00991,Regulatory
OMA00394,OMA00991,PPI
OMA01057,OMA01161,Metabolic
OMA01369,OMA01057,Metabolic
OMA02242,OMA01057,Regulatory
OMA02723,OMA01057,Regulatory
OMA03616,OMA01057,Regulatory
OMA00042,OMA01057,PPI
OMA00688,OMA02084,Metabolic
OMA00942,OMA02084,Metabolic
OMA00980,OMA02084,Metabolic
OMA02242,OMA02084,Regulatory
OMA02723,OMA02084,Regulatory
OMA03616,OMA02084,Regulatory
OMA02242,OMA00211,Regulatory
OMA02242,OMA00991,Regulatory
OMA02242,OMA01057,Regulatory
OMA02242,OMA01400,Regulatory
OMA02242,OMA02084,Regulatory
OMA03205,OMA02242,Regulatory
OMA01200,OMA02242,PPI
OMA01601,OMA01608,Metabolic
OMA01608,OMA01623,Metabolic
OMA01608,OMA05060,Metabolic
OMA02591,OMA01608,Regulatory
OMA05327,OMA01608,Regulatory
OMA01608,OMA04413,PPI
OMA00333,OMA01608,PPI
OMA04413,OMA01608,PPI
OMA02543,OMA02570,Metabolic
OMA03830,OMA02998,Regulatory
OMA02998,OMA02998,PPI
OMA01418,OMA00659,Metabolic
OMA03830,OMA00659,Regulatory
OMA00659,OMA00659,PPI
OMA02053,OMA01555,PPI
OMA02053,OMA01598,PPI
OMA02053,OMA04574,PPI
OMA02053,OMA04661,PPI
OMA01472,OMA02053,PPI
OMA01555,OMA02053,PPI
OMA01598,OMA02053,PPI
OMA01670,OMA02053,PPI
OMA02053,OMA00106,PPI
OMA02053,OMA00394,PPI
OMA02053,OMA01350,PPI
OMA02053,OMA02751,PPI
OMA02785,OMA02053,PPI
OMA04574,OMA02053,PPI
OMA04661,OMA02053,PPI
OMA02053,OMA01555,PPI
OMA02053,OMA01598,PPI
OMA02053,OMA04574,PPI
OMA02053,OMA04661,PPI
OMA01472,OMA02053,PPI
OMA01555,OMA02053,PPI
OMA01598,OMA02053,PPI
OMA01670,OMA02053,PPI
OMA02053,OMA00106,PPI
OMA02053,OMA00394,PPI
OMA02053,OMA01350,PPI
OMA02053,OMA02751,PPI
OMA02785,OMA02053,PPI
OMA04574,OMA02053,PPI
OMA04661,OMA02053,PPI
OMA01187,OMA02150,Metabolic
OMA02353,OMA01187,Metabolic
OMA03047,OMA01187,Regulatory
OMA00111,OMA01187,PPI
OMA01187,OMA01081,PPI
OMA00111,OMA01187,PPI
OMA01081,OMA01187,PPI
OMA02025,OMA01187,PPI
OMA03247,OMA01187,PPI
OMA03788,OMA01187,PPI
OMA04397,OMA01187,PPI
OMA00524,OMA04444,Metabolic
OMA00992,OMA04444,Metabolic
OMA05397,OMA04444,Metabolic
OMA05597,OMA04444,Metabolic
OMA04444,OMA03247,PPI
OMA03247,OMA04444,PPI
OMA04661,OMA04444,PPI
OMA00524,OMA05397,Metabolic
OMA00992,OMA05397,Metabolic
OMA05397,OMA04444,Metabolic
OMA05597,OMA05397,Metabolic
OMA04467,OMA05397,Regulatory
OMA05397,OMA01670,PPI
OMA05397,OMA03247,PPI
OMA05397,OMA04661,PPI
OMA01670,OMA05397,PPI
OMA03247,OMA05397,PPI
OMA04661,OMA05397,PPI
OMA05397,OMA01289,PPI
OMA05397,OMA01350,PPI
OMA01857,OMA01857,PPI
OMA01857,OMA01857,PPI
OMA01857,OMA01857,PPI
OMA03677,OMA02418,Metabolic
OMA03677,OMA02418,Metabolic
OMA00225,OMA02368,Metabolic
OMA00489,OMA02368,Metabolic
OMA01895,OMA02368,Regulatory
OMA03233,OMA02368,Regulatory
OMA02368,OMA00964,PPI
OMA00964,OMA02368,PPI
OMA02368,OMA02368,PPI
OMA02994,OMA03451,Metabolic
OMA03451,OMA01975,Metabolic
OMA03451,OMA03551,Metabolic
OMA03630,OMA03451,Metabolic
OMA01878,OMA03451,PPI
OMA02636,OMA03451,PPI
OMA03451,OMA00362,PPI
OMA03451,OMA00606,PPI
OMA03451,OMA00614,PPI
OMA03451,OMA00778,PPI
OMA03451,OMA01203,PPI
OMA03451,OMA01692,PPI
OMA04651,OMA03451,PPI
OMA00362,OMA03451,PPI
OMA00778,OMA03451,PPI
OMA01692,OMA03451,PPI
OMA03451,OMA00394,PPI
OMA03451,OMA00606,PPI
OMA03451,OMA00614,PPI
OMA03451,OMA01203,PPI
OMA03451,OMA01878,PPI
OMA03451,OMA02636,PPI
OMA03451,OMA04651,PPI
OMA03451,OMA03451,PPI
OMA00989,OMA01137,Metabolic
OMA01077,OMA01137,Metabolic
OMA04394,OMA01137,Regulatory
OMA01077,OMA00989,Metabolic
OMA01077,OMA01137,Metabolic
OMA01785,OMA01077,Regulatory
OMA01978,OMA01077,Regulatory
OMA03616,OMA01077,Regulatory
OMA04069,OMA04061,Metabolic
OMA04069,OMA04069,PPI
OMA01785,OMA00989,Regulatory
OMA01785,OMA01077,Regulatory
OMA01785,OMA01978,Regulatory
OMA01785,OMA03011,Regulatory
OMA01785,OMA03656,Regulatory
OMA00137,OMA02299,PPI
OMA02299,OMA02299,PPI
OMA00504,OMA00721,Metabolic
OMA01447,OMA00721,Regulatory
OMA02591,OMA00721,Regulatory
OMA00721,OMA00721,PPI
OMA01035,OMA02147,Metabolic
OMA01035,OMA03940,Metabolic
OMA01447,OMA00721,Regulatory
OMA05327,OMA01447,Regulatory
OMA01447,OMA01447,PPI
OMA02825,OMA01236,Regulatory
OMA02825,OMA02089,Regulatory
OMA02825,OMA02566,Regulatory
OMA02825,OMA03307,Regulatory
OMA02825,OMA03509,Regulatory
OMA02825,OMA04401,Regulatory
OMA03205,OMA02825,Regulatory
OMA03205,OMA01981,Regulatory
OMA01981,OMA01981,PPI
OMA01236,OMA04401,Metabolic
OMA02089,OMA04401,Metabolic
OMA02825,OMA04401,Regulatory
OMA03616,OMA04401,Regulatory
OMA03507,OMA04401,Regulatory
OMA01236,OMA04401,Metabolic
OMA02089,OMA01236,Metabolic
OMA02825,OMA01236,Regulatory
OMA03616,OMA01236,Regulatory
OMA02089,OMA01236,Metabolic
OMA02089,OMA04401,Metabolic
OMA02825,OMA02089,Regulatory
OMA03616,OMA02089,Regulatory
OMA00719,OMA00504,Metabolic
OMA03509,OMA03374,Metabolic
OMA02825,OMA03509,Regulatory
OMA03616,OMA03509,Regulatory
OMA03639,OMA03509,PPI
OMA03509,OMA03639,PPI
OMA03992,OMA03509,PPI
OMA02825,OMA02566,Regulatory
OMA03616,OMA02566,Regulatory
OMA03307,OMA03000,Metabolic
OMA03307,OMA03328,Metabolic
OMA02825,OMA03307,Regulatory
OMA03616,OMA03307,Regulatory
OMA00577,OMA00595,Metabolic
OMA03395,OMA00577,PPI
OMA01454,OMA02301,PPI
OMA02258,OMA01454,PPI
OMA01454,OMA02258,PPI
OMA01454,OMA02301,PPI
OMA01454,OMA03201,PPI
OMA01454,OMA05177,PPI
OMA01454,OMA05686,PPI
OMA03001,OMA01471,Regulatory
OMA03233,OMA01471,Regulatory
OMA01471,OMA05403,PPI
OMA05403,OMA01471,PPI
OMA02430,OMA00938,Regulatory
OMA02510,OMA00938,Regulatory
OMA00527,OMA03980,PPI
OMA03980,OMA00527,PPI
OMA03980,OMA00527,PPI
OMA02723,OMA00378,Regulatory
OMA02954,OMA00378,Regulatory
OMA03346,OMA00378,Regulatory
OMA03598,OMA00378,Regulatory
OMA02723,OMA04369,Regulatory
OMA02954,OMA04369,Regulatory
OMA03346,OMA04369,Regulatory
OMA03598,OMA04369,Regulatory
OMA04369,OMA03007,PPI
OMA03007,OMA04369,PPI
OMA02723,OMA05841,Regulatory
OMA02954,OMA05841,Regulatory
OMA03346,OMA05841,Regulatory
OMA03598,OMA05841,Regulatory
OMA03007,OMA05841,PPI
OMA02723,OMA03007,Regulatory
OMA02954,OMA03007,Regulatory
OMA03346,OMA03007,Regulatory
OMA03598,OMA03007,Regulatory
OMA04369,OMA03007,PPI
OMA03007,OMA03692,PPI
OMA03007,OMA04369,PPI
OMA03007,OMA05841,PPI
OMA02723,OMA03604,Regulatory
OMA02954,OMA03604,Regulatory
OMA03346,OMA03604,Regulatory
OMA03598,OMA03604,Regulatory
OMA01892,OMA03604,PPI
OMA00153,OMA03604,PPI
OMA00365,OMA03604,PPI
OMA01081,OMA03604,PPI
OMA01691,OMA03604,PPI
OMA01892,OMA03604,PPI
OMA03082,OMA03604,PPI
OMA03604,OMA03692,PPI
OMA03764,OMA03604,PPI
OMA04049,OMA03604,PPI
OMA04151,OMA03604,PPI
OMA03185,OMA03648,Regulatory
OMA03648,OMA00139,PPI
OMA03648,OMA03648,PPI
OMA00139,OMA03648,PPI
OMA03648,OMA01273,PPI
OMA03648,OMA03648,PPI
OMA00139,OMA01380,Metabolic
OMA03185,OMA00139,Regulatory
OMA01380,OMA00139,PPI
OMA03648,OMA00139,PPI
OMA00139,OMA00200,PPI
OMA00139,OMA03648,PPI
OMA01380,OMA00139,PPI
OMA02258,OMA00139,PPI
OMA00139,OMA01380,Metabolic
OMA00113,OMA01380,PPI
OMA01380,OMA00139,PPI
OMA01380,OMA00139,PPI
OMA01558,OMA01380,PPI
OMA03185,OMA00139,Regulatory
OMA03185,OMA03648,Regulatory
OMA03185,OMA05171,Regulatory
OMA03185,OMA00018,PPI
OMA00018,OMA03185,PPI
OMA03185,OMA00113,PPI
OMA03185,OMA03185,PPI
OMA03568,OMA01836,Regulatory
OMA00113,OMA00113,PPI
OMA00113,OMA01380,PPI
OMA00113,OMA00113,PPI
OMA03185,OMA00113,PPI
OMA02852,OMA03723,PPI
OMA03723,OMA03723,PPI
OMA03362,OMA03362,PPI
OMA04644,OMA00689,Metabolic
OMA04644,OMA02273,Metabolic
OMA04644,OMA02578,Metabolic
OMA02001,OMA04644,Regulatory
OMA03568,OMA04644,Regulatory
OMA02273,OMA00689,Metabolic
OMA02578,OMA00689,Metabolic
OMA04644,OMA00689,Metabolic
OMA02017,OMA00689,Regulatory
OMA03616,OMA00689,Regulatory
OMA00689,OMA00689,PPI
OMA00689,OMA03236,PPI
OMA02273,OMA00689,Metabolic
OMA02273,OMA02578,Metabolic
OMA04644,OMA02273,Metabolic
OMA02017,OMA02273,Regulatory
OMA03616,OMA02273,Regulatory
OMA02273,OMA02578,Metabolic
OMA02578,OMA00689,Metabolic
OMA04644,OMA02578,Metabolic
OMA02017,OMA02578,Regulatory
OMA03616,OMA02578,Regulatory
OMA02578,OMA00080,PPI
OMA00080,OMA02578,PPI
OMA02335,OMA02388,Metabolic
OMA02017,OMA02388,Regulatory
OMA03616,OMA02388,Regulatory
OMA04660,OMA02388,Regulatory
OMA02289,OMA02388,PPI
OMA02289,OMA02388,PPI
OMA02388,OMA02388,PPI
OMA02017,OMA00689,Regulatory
OMA02017,OMA01194,Regulatory
OMA02017,OMA02017,Regulatory
OMA02017,OMA02273,Regulatory
OMA02017,OMA02388,Regulatory
OMA02017,OMA02578,Regulatory
OMA03616,OMA02017,Regulatory
OMA02017,OMA02017,PPI
OMA00059,OMA02246,PPI
OMA00061,OMA02246,PPI
OMA00061,OMA02246,PPI
OMA02246,OMA00059,PPI
OMA02059,OMA02309,Metabolic
OMA02370,OMA02309,Metabolic
OMA02309,OMA00059,PPI
OMA00059,OMA02246,PPI
OMA02246,OMA00059,PPI
OMA02309,OMA00059,PPI
OMA03197,OMA02692,Regulatory
OMA02692,OMA01362,PPI
OMA02692,OMA00117,PPI
OMA02692,OMA00415,PPI
OMA02692,OMA00897,PPI
OMA02692,OMA01362,PPI
OMA02692,OMA03201,PPI
OMA02692,OMA02692,PPI
OMA05179,OMA05179,PPI
OMA02633,OMA02718,Regulatory
OMA03616,OMA02718,Regulatory
OMA03395,OMA02718,Regulatory
OMA02718,OMA02718,PPI
OMA02633,OMA01214,Regulatory
OMA03616,OMA01214,Regulatory
OMA01214,OMA01214,PPI
OMA02238,OMA00763,Regulatory
OMA02633,OMA01214,Regulatory
OMA02633,OMA02546,Regulatory
OMA02633,OMA02718,Regulatory
OMA02238,OMA02633,Regulatory
OMA00711,OMA02633,PPI
OMA00711,OMA02633,PPI
OMA02546,OMA02546,Regulatory
OMA02633,OMA02546,Regulatory
OMA03616,OMA02546,Regulatory
OMA02349,OMA01846,Regulatory
OMA03453,OMA01846,Regulatory
OMA03508,OMA01846,Regulatory
OMA05381,OMA01846,Regulatory
OMA03028,OMA01678,Metabolic
OMA03028,OMA04434,Metabolic
OMA03233,OMA03028,Regulatory
OMA00039,OMA03028,PPI
OMA00308,OMA03028,PPI
OMA01322,OMA03028,PPI
OMA01472,OMA03028,PPI
OMA03028,OMA00217,PPI
OMA03028,OMA02101,PPI
OMA04860,OMA03028,PPI
OMA00039,OMA03028,PPI
OMA00308,OMA03028,PPI
OMA03028,OMA00217,PPI
OMA03028,OMA00394,PPI
OMA03028,OMA01322,PPI
OMA03028,OMA01472,PPI
OMA03028,OMA02101,PPI
OMA03028,OMA02568,PPI
OMA03028,OMA03028,PPI
OMA03028,OMA03201,PPI
OMA03028,OMA04860,PPI
OMA03028,OMA05686,PPI
OMA03028,OMA03028,PPI
OMA00609,OMA02231,Metabolic
OMA03205,OMA00609,Regulatory
OMA01103,OMA01274,Metabolic
OMA02001,OMA01103,Regulatory
OMA02571,OMA01103,Regulatory
OMA03616,OMA01103,Regulatory
OMA01103,OMA01103,PPI
OMA02001,OMA00461,Regulatory
OMA02571,OMA00461,Regulatory
OMA03616,OMA00461,Regulatory
OMA00461,OMA01274,PPI
OMA01274,OMA00461,PPI
OMA02571,OMA00461,Regulatory
OMA02571,OMA01103,Regulatory
OMA02258,OMA02571,PPI
OMA02571,OMA02571,PPI
OMA02571,OMA03388,PPI
OMA02571,OMA04612,PPI
OMA02571,OMA04740,PPI
OMA02571,OMA04821,PPI
OMA02571,OMA05022,PPI
OMA02571,OMA05035,PPI
OMA05277,OMA02571,PPI
OMA02258,OMA02571,PPI
OMA02571,OMA00415,PPI
OMA02571,OMA02571,PPI
OMA02571,OMA03201,PPI
OMA02571,OMA03388,PPI
OMA02571,OMA03788,PPI
OMA02571,OMA04250,PPI
OMA02571,OMA04423,PPI
OMA02571,OMA04612,PPI
OMA02571,OMA04740,PPI
OMA02571,OMA04821,PPI
OMA02571,OMA05022,PPI
OMA02571,OMA05035,PPI
OMA02571,OMA05113,PPI
OMA02571,OMA05177,PPI
OMA02571,OMA05277,PPI
OMA02571,OMA05288,PPI
OMA02571,OMA02571,PPI
OMA00577,OMA00595,Metabolic
OMA03616,OMA00595,Regulatory
OMA05327,OMA00595,Regulatory
OMA00595,OMA04083,PPI
OMA04083,OMA00595,PPI
OMA00354,OMA00386,Metabolic
OMA01400,OMA00354,Metabolic
OMA01419,OMA00354,Metabolic
OMA01497,OMA00354,Metabolic
OMA00779,OMA00928,Metabolic
OMA00779,OMA02795,Metabolic
OMA02208,OMA00779,Metabolic
OMA03377,OMA00779,Metabolic
OMA00779,OMA00779,PPI
OMA02208,OMA03377,Metabolic
OMA03377,OMA00779,Metabolic
OMA03377,OMA00928,Metabolic
OMA03377,OMA02795,Metabolic
OMA02723,OMA03377,Regulatory
OMA03346,OMA03377,Regulatory
OMA03598,OMA03377,Regulatory
OMA04283,OMA03377,Regulatory
OMA02208,OMA00779,Metabolic
OMA02208,OMA00928,Metabolic
OMA02208,OMA02795,Metabolic
OMA02208,OMA03377,Metabolic
OMA02723,OMA02208,Regulatory
OMA03346,OMA02208,Regulatory
OMA03598,OMA02208,Regulatory
OMA04283,OMA02208,Regulatory
OMA02723,OMA00236,Regulatory
OMA03346,OMA00236,Regulatory
OMA03598,OMA00236,Regulatory
OMA04283,OMA00236,Regulatory
OMA02723,OMA03685,Regulatory
OMA03346,OMA03685,Regulatory
OMA03598,OMA03685,Regulatory
OMA04283,OMA03685,Regulatory
OMA01895,OMA01178,Regulatory
OMA04467,OMA01178,Regulatory
OMA00673,OMA00740,Metabolic
OMA00740,OMA01444,Metabolic
OMA00740,OMA01556,Metabolic
OMA00740,OMA01797,Metabolic
OMA00740,OMA01964,Metabolic
OMA00740,OMA02230,Metabolic
OMA00740,OMA02433,Metabolic
OMA00740,OMA03263,Metabolic
OMA03453,OMA00740,Regulatory
OMA04412,OMA00740,Regulatory
OMA04660,OMA00740,Regulatory
OMA00740,OMA00740,PPI
OMA03507,OMA02953,Regulatory
OMA00334,OMA00210,Metabolic
OMA02510,OMA00210,Regulatory
OMA00210,OMA00090,PPI
OMA00210,OMA03091,PPI
OMA00210,OMA03654,PPI
OMA02761,OMA00210,PPI
OMA00210,OMA00090,PPI
OMA00210,OMA02761,PPI
OMA00210,OMA03091,PPI
OMA00210,OMA03654,PPI
OMA00210,OMA04667,PPI
OMA00210,OMA00210,PPI
OMA00919,OMA00572,Metabolic
OMA00903,OMA01072,Metabolic
OMA01072,OMA01174,Metabolic
OMA01072,OMA01199,Metabolic
OMA01129,OMA01072,Metabolic
OMA03164,OMA03053,Regulatory
OMA03164,OMA03415,Regulatory
OMA03164,OMA04761,Regulatory
OMA03164,OMA04968,Regulatory
OMA03598,OMA03164,Regulatory
OMA03164,OMA03088,PPI
OMA03164,OMA05843,PPI
OMA03088,OMA03164,PPI
OMA05843,OMA03164,PPI
OMA03164,OMA00613,PPI
OMA00613,OMA00613,PPI
OMA00613,OMA00568,PPI
OMA00613,OMA00613,PPI
OMA03164,OMA00613,PPI
OMA01072,OMA01199,Metabolic
OMA01129,OMA01199,Metabolic
OMA01199,OMA00903,Metabolic
OMA01199,OMA01174,Metabolic
OMA02723,OMA01199,Regulatory
OMA03598,OMA01199,Regulatory
OMA03616,OMA01199,Regulatory
OMA04295,OMA01199,Regulatory
OMA02349,OMA00758,Regulatory
OMA00758,OMA05761,PPI
OMA01892,OMA00758,PPI
OMA00758,OMA00111,PPI
OMA00758,OMA00394,PPI
OMA01200,OMA00758,PPI
OMA01892,OMA00758,PPI
OMA05761,OMA00758,PPI
OMA00758,OMA00758,PPI
OMA00392,OMA04968,Metabolic
OMA03053,OMA04968,Metabolic
OMA04761,OMA04968,Metabolic
OMA02723,OMA04968,Regulatory
OMA03164,OMA04968,Regulatory
OMA03598,OMA04968,Regulatory
OMA04761,OMA04968,PPI
OMA04968,OMA03053,PPI
OMA04968,OMA04968,PPI
OMA00392,OMA04761,Metabolic
OMA03053,OMA04761,Metabolic
OMA04761,OMA04968,Metabolic
OMA02723,OMA04761,Regulatory
OMA03164,OMA04761,Regulatory
OMA03598,OMA04761,Regulatory
OMA04761,OMA01723,PPI
OMA01723,OMA04761,PPI
OMA00392,OMA04761,PPI
OMA04761,OMA03053,PPI
OMA04761,OMA04968,PPI
OMA00392,OMA03053,Metabolic
OMA03053,OMA04761,Metabolic
OMA03053,OMA04968,Metabolic
OMA02723,OMA03053,Regulatory
OMA03164,OMA03053,Regulatory
OMA03598,OMA03053,Regulatory
OMA03053,OMA00392,PPI
OMA00392,OMA03053,PPI
OMA03053,OMA04749,PPI
OMA03585,OMA03053,PPI
OMA00392,OMA03053,PPI
OMA04761,OMA03053,PPI
OMA04968,OMA03053,PPI
OMA00392,OMA03053,Metabolic
OMA00392,OMA04761,Metabolic
OMA00392,OMA04968,Metabolic
OMA03053,OMA00392,PPI
OMA00392,OMA03053,PPI
OMA00392,OMA03954,PPI
OMA00615,OMA00392,PPI
OMA04564,OMA00392,PPI
OMA00392,OMA03053,PPI
OMA00392,OMA04761,PPI
OMA00392,OMA05454,PPI
OMA03046,OMA02598,Regulatory
OMA03046,OMA03328,Regulatory
OMA03046,OMA03374,Regulatory
OMA03046,OMA04442,Regulatory
OMA03046,OMA05279,Regulatory
OMA00010,OMA03046,PPI
OMA00126,OMA03046,PPI
OMA00638,OMA03046,PPI
OMA00808,OMA03046,PPI
OMA02500,OMA03046,PPI
OMA03046,OMA00616,PPI
OMA03046,OMA02312,PPI
OMA03046,OMA03388,PPI
OMA03046,OMA05016,PPI
OMA03046,OMA05065,PPI
OMA03046,OMA05436,PPI
OMA03046,OMA05686,PPI
OMA05113,OMA03046,PPI
OMA05288,OMA03046,PPI
OMA05549,OMA03046,PPI
OMA00126,OMA03046,PPI
OMA03046,OMA00010,PPI
OMA03046,OMA00394,PPI
OMA03046,OMA00415,PPI
OMA03046,OMA00584,PPI
OMA03046,OMA00616,PPI
OMA03046,OMA00638,PPI
OMA03046,OMA00808,PPI
OMA03046,OMA00897,PPI
OMA03046,OMA01350,PPI
OMA03046,OMA01555,PPI
OMA03046,OMA02312,PPI
OMA03046,OMA02500,PPI
OMA03046,OMA03201,PPI
OMA03046,OMA03336,PPI
OMA03046,OMA03388,PPI
OMA03046,OMA03689,PPI
OMA03046,OMA03707,PPI
OMA03046,OMA03788,PPI
OMA03046,OMA04250,PPI
OMA03046,OMA04423,PPI
OMA03046,OMA04612,PPI
OMA03046,OMA04808,PPI
OMA03046,OMA04821,PPI
OMA03046,OMA04908,PPI
OMA03046,OMA04933,PPI
OMA03046,OMA05016,PPI
OMA03046,OMA05035,PPI
OMA03046,OMA05065,PPI
OMA03046,OMA05113,PPI
OMA03046,OMA05177,PPI
OMA03046,OMA05272,PPI
OMA03046,OMA05288,PPI
OMA03046,OMA05436,PPI
OMA03046,OMA05545,PPI
OMA03046,OMA05549,PPI
OMA03046,OMA05686,PPI
OMA02238,OMA01663,Regulatory
OMA01663,OMA01663,PPI
OMA05279,OMA00524,Metabolic
OMA05279,OMA04442,Metabolic
OMA05279,OMA05597,Metabolic
OMA03046,OMA05279,Regulatory
OMA03616,OMA05279,Regulatory
OMA04442,OMA00524,Metabolic
OMA04442,OMA05597,Metabolic
OMA05279,OMA04442,Metabolic
OMA03046,OMA04442,Regulatory
OMA03616,OMA04442,Regulatory
OMA03509,OMA03374,Metabolic
OMA03046,OMA03374,Regulatory
OMA03616,OMA03374,Regulatory
OMA03374,OMA03374,PPI
OMA03046,OMA02598,Regulatory
OMA03616,OMA02598,Regulatory
OMA03307,OMA03328,Metabolic
OMA03328,OMA03000,Metabolic
OMA03046,OMA03328,Regulatory
OMA03616,OMA03328,Regulatory
OMA03779,OMA03328,PPI
OMA02842,OMA00517,Metabolic
OMA03453,OMA02166,Regulatory
OMA04660,OMA02166,Regulatory
OMA02166,OMA02166,PPI
OMA01785,OMA01978,Regulatory
OMA01978,OMA00989,Regulatory
OMA01978,OMA01077,Regulatory
OMA01978,OMA01978,Regulatory
OMA01978,OMA03011,Regulatory
OMA03616,OMA01978,Regulatory
OMA00989,OMA01137,Metabolic
OMA01077,OMA00989,Metabolic
OMA01785,OMA00989,Regulatory
OMA01978,OMA00989,Regulatory
OMA03616,OMA00989,Regulatory
OMA02257,OMA00989,PPI
OMA02257,OMA00989,PPI
OMA01844,OMA03011,Metabolic
OMA01785,OMA03011,Regulatory
OMA01978,OMA03011,Regulatory
OMA03616,OMA03011,Regulatory
OMA01844,OMA03011,Metabolic
OMA01844,OMA00711,PPI
OMA01844,OMA03100,PPI
OMA00897,OMA01844,PPI
OMA01844,OMA00711,PPI
OMA01844,OMA03100,PPI
OMA01844,OMA01844,PPI
OMA04069,OMA04061,Metabolic
OMA02430,OMA00585,Regulatory
OMA02510,OMA00585,Regulatory
OMA01472,OMA00585,PPI
OMA01472,OMA00585,PPI
OMA04282,OMA00585,PPI
OMA00585,OMA00585,PPI
OMA00585,OMA04282,PPI
